id,year,month_number,month,stream,site,order,family,genus,species,individuals,type
1,2014,T1,April,CC,CCD,Coleoptera,Elmidae,,,1,urban
2,2014,T1,April,CC,CCD,Ephemeroptera,Ephemerellidae,,,4,urban
3,2014,T1,April,CC,CCD,Ephemeroptera,Ephemeridae,,,1,urban
4,2014,T1,April,CC,CCD,Ephemeroptera,Heptageniidae,,,4,urban
5,2014,T1,April,CC,CCD,Ephemeroptera,Heptageniidae,,,1,urban
6,2014,T1,April,CC,CCD,Trichoptera,Hydropsychidae,,,18,urban
7,2014,T1,April,CC,CCD,Trichoptera,Hydropsychidae,,,45,urban
8,2014,T1,April,CC,CCD,Plecoptera,Perlodidae,,,1,urban
9,2014,T1,April,CC,CCD,Trichoptera,Philopotamidae,,,1,urban
10,2014,T1,April,CC,CCD,Diptera,Simuliidae,,,1,urban
11,2014,T1,April,CC,CCD,Plecoptera,Taeniopterygidae,,,12,urban
12,2014,T1,April,CC,CCD,Diptera,Tipulidae,,,1,urban
13,2014,T2,May,CC,CCD,Trichoptera,Hydropsychidae,Hydropsyche,,2,urban
14,2014,T2,May,CC,CCD,Trichoptera,Hydropsychidae,Hydropsyche,,2,urban
15,2014,T2,May,CC,CCD,Ephemeroptera,Ephemerellidae,,,1,urban
16,2014,T2,May,CC,CCD,Trichoptera,Hydropsychidae,,,2,urban
17,2014,T3,June,CC,CCD,Trichoptera,Hydropsychidae,Hydropsyche,,1,urban
18,2014,T3,June,CC,CCD,Ephemeroptera,Heptageniidae,Epeorus,,1,urban
19,2014,T3,June,CC,CCD,Ephemeroptera,Heptageniidae,Epeorus,,3,urban
20,2014,T3,June,CC,CCD,Ephemeroptera,Ephemerellidae,Ephemerella,,2,urban
21,2014,T3,June,CC,CCD,Trichoptera,Hydropsychidae,Hydropsyche,,2,urban
22,2014,T3,June,CC,CCD,Ephemeroptera,Isonychiidae,Isonychia,,2,urban
23,2014,T3,June,CC,CCD,Ephemeroptera,Isonychiidae,Isonychia,,3,urban
24,2014,T3,June,CC,CCD,Ephemeroptera,Heptageniidae,Maccaffertium,,1,urban
25,2014,T3,June,CC,CCD,Ephemeroptera,Heptageniidae,Maccaffertium,,3,urban
26,2014,T3,June,CC,CCD,Ephemeroptera,Heptageniidae,Nixe,,25,urban
27,2014,T3,June,CC,CCD,Ephemeroptera,Leptophlebiidae,Paraleptophlebia,,1,urban
28,2014,T3,June,CC,CCD,Coleoptera,Psephenidae,Psephenus,,2,urban
29,2014,T3,June,CC,CCD,Trichoptera,Philopotamidae,Wormaldia,,2,urban
30,2014,T3,June,CC,CCD,Odonata,Aeshnidae,,,1,urban
31,2014,T3,June,CC,CCD,Diptera,Chironomidae,,,1,urban
32,2014,T3,June,CC,CCD,Ephemeroptera,Ephemerellidae,,,1,urban
33,2014,T3,June,CC,CCD,Ephemeroptera,Ephemeridae,,,1,urban
34,2014,T3,June,CC,CCD,Trichoptera,Hydropsychidae,,,1,urban
35,2014,T3,June,CC,CCD,Trichoptera,Philopotamidae,,,1,urban
36,2014,T3,June,CC,CCD,Coleoptera,Psephenidae,,,2,urban
37,2014,T4,July,CC,CCD,Trichoptera,Hydropsychidae,Hydropsyche,,9,urban
38,2014,T4,July,CC,CCD,Coleoptera,Dytiscidae,Desmopachria,,1,urban
39,2014,T4,July,CC,CCD,Trichoptera,Hydropsychidae,Hydropsyche,,3,urban
40,2014,T4,July,CC,CCD,Ephemeroptera,Isonychiidae,Isonychia,,14,urban
41,2014,T4,July,CC,CCD,Ephemeroptera,Isonychiidae,Isonychia,,1,urban
42,2014,T4,July,CC,CCD,Diptera,Tipulidae,Tipula,,1,urban
43,2014,T4,July,CC,CCD,Ephemeroptera,Ephemerellidae,,,1,urban
44,2014,T4,July,CC,CCD,Coleoptera,Gyrinidae,,,1,urban
45,2014,T4,July,CC,CCD,Ephemeroptera,Heptageniidae,,,1,urban
46,2014,T4,July,CC,CCD,Ephemeroptera,Heptageniidae,,,3,urban
47,2014,T4,July,CC,CCD,Trichoptera,Hydropsychidae,,,2,urban
48,2014,T5,August,CC,CCD,Trichoptera,Philopotamidae,Chimarra,,2,urban
49,2014,T5,August,CC,CCD,Trichoptera,Philopotamidae,Dolophilodes,,1,urban
50,2014,T5,August,CC,CCD,Trichoptera,Hydropsychidae,Hydropsyche,,6,urban
51,2014,T5,August,CC,CCD,Ephemeroptera,Isonychiidae,Isonychia,,5,urban
52,2014,T5,August,CC,CCD,Ephemeroptera,Isonychiidae,Isonychia,,2,urban
53,2014,T5,August,CC,CCD,Ephemeroptera,Heptageniidae,Maccaffertium,,5,urban
54,2014,T5,August,CC,CCD,Coleoptera,Psephenidae,Psephenus,,1,urban
55,2014,T5,August,CC,CCD,Coleoptera,Elmidae,Stenelmis,,1,urban
56,2014,T5,August,CC,CCD,Coleoptera,Elmidae,Stenelmis,,1,urban
57,2014,T5,August,CC,CCD,Ephemeroptera,Heptageniidae,Stenonema,,3,urban
58,2014,T5,August,CC,CCD,Diptera,Chironomidae,,,1,urban
59,2014,T5,August,CC,CCD,Ephemeroptera,Heptageniidae,,,4,urban
60,2014,T5,August,CC,CCD,Trichoptera,Hydropsychidae,,,2,urban
61,2014,T6,September,CC,CCD,Trichoptera,Hydropsychidae,Hydropsyche,,2,urban
62,2014,T6,September,CC,CCD,Trichoptera,Philopotamidae,Chimarra,,1,urban
63,2014,T6,September,CC,CCD,Ephemeroptera,Isonychiidae,Isonychia,,1,urban
64,2014,T6,September,CC,CCD,Ephemeroptera,Isonychiidae,Isonychia,,1,urban
65,2014,T6,September,CC,CCD,Ephemeroptera,Heptageniidae,Maccaffertium,,1,urban
66,2014,T6,September,CC,CCD,Diptera,Tipulidae,Tipula,,1,urban
67,2014,T6,September,CC,CCD,Coleoptera,Dytiscidae,Uvarus,,1,urban
68,2014,T6,September,CC,CCD,Trichoptera,Hydropsychidae,,,1,urban
834,2015,T10,July,CC,CCD,Plecoptera,Perlidae,Acroneuria,,3,urban
835,2015,T10,July,CC,CCD,Ephemeroptera,Ameletidae,Ameletus,,1,urban
836,2015,T10,July,CC,CCD,Trichoptera,Philopotamidae,Chimarra,,7,urban
837,2015,T10,July,CC,CCD,Coleoptera,Gyrinidae,Dinutus,,1,urban
838,2015,T10,July,CC,CCD,Ephemeroptera,Heptageniidae,Epeorus,,1,urban
839,2015,T10,July,CC,CCD,Trichoptera,Hydropsychidae,Hydropsyche,,5,urban
840,2015,T10,July,CC,CCD,Ephemeroptera,Isonychiidae,Isonychia,,15,urban
841,2015,T10,July,CC,CCD,Coleoptera,Psephenidae,Psephenus,,4,urban
842,2015,T10,July,CC,CCD,Ephemeroptera,Heptageniidae,Stenonema,fematoratum,4,urban
843,2015,T11,August,CC,CCD,Trichoptera,Philopotamidae,Chimarra,,2,urban
844,2015,T11,August,CC,CCD,Trichoptera,Hydropsychidae,Hydropsyche,,8,urban
845,2015,T11,August,CC,CCD,Ephemeroptera,Isonychiidae,Isonychia,,8,urban
846,2015,T11,August,CC,CCD,Ephemeroptera,Heptageniidae,Maccaffertium,,3,urban
847,2015,T11,August,CC,CCD,Coleoptera,Psephenidae,Psephenus,,2,urban
848,2015,T11,August,CC,CCD,Coleoptera,Elmidae,Stenelmis,,1,urban
849,2015,T11,August,CC,CCD,Ephemeroptera,Heptageniidae,Stenonema,fematoratum,8,urban
850,2015,T7,April,CC,CCD,Trichoptera,Philopotamidae,Chimarra,,1,urban
851,2015,T7,April,CC,CCD,Ephemeroptera,Ephemerellidae,Ephemerella,,1,urban
852,2015,T7,April,CC,CCD,Trichoptera,Hydropsychidae,Hydropsyche,,4,urban
853,2015,T7,April,CC,CCD,Ephemeroptera,Isonychiidae,Isonychia,,1,urban
854,2015,T7,April,CC,CCD,Ephemeroptera,Heptageniidae,Maccaffertium,,16,urban
855,2015,T7,April,CC,CCD,Plecoptera,Taeniopterygidae,Oemopteryx,,1,urban
856,2015,T7,April,CC,CCD,Ephemeroptera,Heptageniidae,Stenacron,,4,urban
857,2015,T7,April,CC,CCD,Plecoptera,Chloroperlidae,Sweltsa,,2,urban
858,2015,T7,April,CC,CCD,Diptera,Chironomidae,,,4,urban
859,2015,T8,May,CC,CCD,Plecoptera,Perlidae,Acroneuria,,1,urban
860,2015,T8,May,CC,CCD,Plecoptera,Perlidae,Agnetina,,1,urban
861,2015,T8,May,CC,CCD,Ephemeroptera,Ephemerellidae,Drunella,,4,urban
862,2015,T8,May,CC,CCD,Trichoptera,Hydropsychidae,Hydropsyche,,5,urban
863,2015,T8,May,CC,CCD,Ephemeroptera,Isonychiidae,Isonychia,,1,urban
864,2015,T8,May,CC,CCD,Ephemeroptera,Heptageniidae,Maccaffertium,,3,urban
865,2015,T8,May,CC,CCD,Coleoptera,Psephenidae,Psephenus,,1,urban
866,2015,T8,May,CC,CCD,Ephemeroptera,Heptageniidae,Stenacron,,1,urban
867,2015,T8,May,CC,CCD,Ephemeroptera,Heptageniidae,Stenonema,fematoratum,4,urban
868,2015,T8,May,CC,CCD,Diptera,Chironomidae,,,2,urban
869,2015,T9,June,CC,CCD,Plecoptera,Perlidae,Agnetina,,2,urban
870,2015,T9,June,CC,CCD,Ephemeroptera,Baetidae,Baetis,,1,urban
871,2015,T9,June,CC,CCD,Trichoptera,Hydropsychidae,Hydropsyche,,8,urban
872,2015,T9,June,CC,CCD,Trichoptera,Philopotamidae,Chimarra,,6,urban
873,2015,T9,June,CC,CCD,Coleoptera,Gyrinidae,Gyrinus,,1,urban
874,2015,T9,June,CC,CCD,Ephemeroptera,Isonychiidae,Isonychia,,6,urban
875,2015,T9,June,CC,CCD,Ephemeroptera,Heptageniidae,Maccaffertium,,1,urban
876,2015,T9,June,CC,CCD,Trichoptera,Hydropsychidae,Potamyia,flava,9,urban
877,2015,T9,June,CC,CCD,Coleoptera,Psephenidae,Psephenus,,5,urban
878,2015,T9,June,CC,CCD,Coleoptera,Elmidae,Stenelmis,,2,urban
879,2015,T9,June,CC,CCD,Diptera,Chironomidae,,,1,urban
69,2014,T1,April,CC,CCU,Diptera,Chironomidae,,,1,rural
70,2014,T1,April,CC,CCU,Plecoptera,Chloroperlidae,,,3,rural
71,2014,T1,April,CC,CCU,Ephemeroptera,Ephemerellidae,,,2,rural
72,2014,T1,April,CC,CCU,Ephemeroptera,Ephemerellidae,,,2,rural
73,2014,T1,April,CC,CCU,Ephemeroptera,Heptageniidae,,,16,rural
74,2014,T1,April,CC,CCU,Ephemeroptera,Heptageniidae,,,1,rural
75,2014,T1,April,CC,CCU,Plecoptera,Perlodidae,,,3,rural
76,2014,T1,April,CC,CCU,Plecoptera,Perlodidae,,,1,rural
77,2014,T1,April,CC,CCU,Diptera,Simuliidae,,,2,rural
78,2014,T1,April,CC,CCU,Plecoptera,Taeniopterygidae,,,62,rural
79,2014,T1,April,CC,CCU,Diptera,Tipulidae,,,4,rural
80,2014,T1,April,CC,CCU,Diptera,Tipulidae,,,1,rural
81,2014,T2,May,CC,CCU,Trichoptera,Hydropsychidae,Hydropsyche,,1,rural
82,2014,T2,May,CC,CCU,Trichoptera,Philopotamidae,Chimarra,,6,rural
83,2014,T2,May,CC,CCU,Ephemeroptera,Ephemerellidae,Drunella,,4,rural
84,2014,T2,May,CC,CCU,Ephemeroptera,Ephemerellidae,Drunella,,2,rural
85,2014,T2,May,CC,CCU,Ephemeroptera,Ephemerellidae,Ephemerella,,30,rural
86,2014,T2,May,CC,CCU,Odonata,Gomphidae,Erpetogomphus,,1,rural
87,2014,T2,May,CC,CCU,Ephemeroptera,Ephemerellidae,Eurylophella,,1,rural
88,2014,T2,May,CC,CCU,Diptera,Tipulidae,Hexatoma,,1,rural
89,2014,T2,May,CC,CCU,Trichoptera,Hydropsychidae,Hydropsyche,,6,rural
90,2014,T2,May,CC,CCU,Ephemeroptera,Isonychiidae,Isonychia,,8,rural
91,2014,T2,May,CC,CCU,Ephemeroptera,Isonychiidae,Isonychia,,4,rural
92,2014,T2,May,CC,CCU,Plecoptera,Perlodidae,Isoperla,,3,rural
93,2014,T2,May,CC,CCU,Trichoptera,Uenoidae,Neophylax,,14,rural
94,2014,T2,May,CC,CCU,Coleoptera,Elmidae,Stenelmis,,2,rural
95,2014,T2,May,CC,CCU,Diptera,Tipulidae,Tipula,,1,rural
96,2014,T2,May,CC,CCU,Trichoptera,Philopotamidae,Wormaldia,,1,rural
97,2014,T2,May,CC,CCU,Odonata,Aeshnidae,,,1,rural
98,2014,T2,May,CC,CCU,Ephemeroptera,Baetidae,,,1,rural
99,2014,T2,May,CC,CCU,Diptera,Chironomidae,,,1,rural
100,2014,T2,May,CC,CCU,Plecoptera,Chloroperlidae,,,3,rural
101,2014,T2,May,CC,CCU,Coleoptera,Elmidae,,,4,rural
102,2014,T2,May,CC,CCU,Odonata,Gomphidae,,,3,rural
103,2014,T2,May,CC,CCU,Ephemeroptera,Heptageniidae,,,5,rural
104,2014,T2,May,CC,CCU,Trichoptera,Hydropsychidae,,,3,rural
105,2014,T2,May,CC,CCU,Ephemeroptera,Leptophlebiidae,,,1,rural
106,2014,T2,May,CC,CCU,Trichoptera,Philopotamidae,,,4,rural
107,2014,T2,May,CC,CCU,Trichoptera,Uenoidae,,,5,rural
108,2014,T3,June,CC,CCU,Trichoptera,Philopotamidae,Chimarra,,4,rural
109,2014,T3,June,CC,CCU,Megaloptera,Corydalidae,Corydalus,,3,rural
110,2014,T3,June,CC,CCU,Ephemeroptera,Ephemerellidae,Drunella,,5,rural
111,2014,T3,June,CC,CCU,Trichoptera,Hydropsychidae,Hydropsyche,,7,rural
112,2014,T3,June,CC,CCU,Trichoptera,Hydropsychidae,Hydropsyche,,1,rural
113,2014,T3,June,CC,CCU,Ephemeroptera,Isonychiidae,Isonychia,,1,rural
114,2014,T3,June,CC,CCU,Ephemeroptera,Isonychiidae,Isonychia,,1,rural
115,2014,T3,June,CC,CCU,Ephemeroptera,Heptageniidae,Stenonema,fematoratum,2,rural
116,2014,T3,June,CC,CCU,Diptera,Tipulidae,Tipula,,2,rural
117,2014,T3,June,CC,CCU,Diptera,Tipulidae,Tipula,,2,rural
118,2014,T3,June,CC,CCU,Diptera,Chironomidae,,,2,rural
119,2014,T3,June,CC,CCU,Megaloptera,Corydalidae,,,2,rural
120,2014,T3,June,CC,CCU,Ephemeroptera,Ephemerellidae,,,2,rural
121,2014,T3,June,CC,CCU,Odonata,Gomphidae,,,1,rural
122,2014,T3,June,CC,CCU,Ephemeroptera,Heptageniidae,,,1,rural
123,2014,T3,June,CC,CCU,Trichoptera,Hydropsychidae,,,3,rural
124,2014,T3,June,CC,CCU,Plecoptera,Perlidae,,,1,rural
125,2014,T3,June,CC,CCU,Plecoptera,Perlodidae,,,1,rural
126,2014,T3,June,CC,CCU,Trichoptera,Philopotamidae,,,3,rural
127,2014,T4,July,CC,CCU,Trichoptera,Philopotamidae,Chimarra,,2,rural
128,2014,T4,July,CC,CCU,Ephemeroptera,Heptageniidae,Epeorus,,1,rural
129,2014,T4,July,CC,CCU,Ephemeroptera,Ephemerellidae,Ephemerella,,5,rural
130,2014,T4,July,CC,CCU,Trichoptera,Hydropsychidae,Hydropsyche,,8,rural
131,2014,T4,July,CC,CCU,Ephemeroptera,Isonychiidae,Isonychia,,4,rural
132,2014,T4,July,CC,CCU,Ephemeroptera,Isonychiidae,Isonychia,,2,rural
133,2014,T4,July,CC,CCU,Ephemeroptera,Heptageniidae,Leucrocuta,,1,rural
134,2014,T4,July,CC,CCU,Ephemeroptera,Heptageniidae,Maccaffertium,,1,rural
135,2014,T4,July,CC,CCU,Coleoptera,Elmidae,Stenelmis,,4,rural
136,2014,T4,July,CC,CCU,Coleoptera,Elmidae,Stenelmis,,2,rural
137,2014,T4,July,CC,CCU,Ephemeroptera,Heptageniidae,Stenonema,fematoratum,1,rural
138,2014,T4,July,CC,CCU,Diptera,Athericidae,,,1,rural
139,2014,T4,July,CC,CCU,Megaloptera,Corydalidae,,,2,rural
140,2014,T4,July,CC,CCU,Coleoptera,Elmidae,,,1,rural
141,2014,T4,July,CC,CCU,Ephemeroptera,Ephemerellidae,,,1,rural
142,2014,T4,July,CC,CCU,Odonata,Gomphidae,,,2,rural
143,2014,T4,July,CC,CCU,Trichoptera,Hydropsychidae,,,2,rural
144,2014,T4,July,CC,CCU,Trichoptera,Philopotamidae,,,1,rural
145,2014,T4,July,CC,CCU,Coleoptera,Psephenidae,,,1,rural
146,2014,T4,July,CC,CCU,Diptera,Tipulidae,,,2,rural
147,2014,T5,August,CC,CCU,Odonata,Aeshnidae,Aeshna,,1,rural
148,2014,T5,August,CC,CCU,Ephemeroptera,Ameletidae,Ameletus,,1,rural
149,2014,T5,August,CC,CCU,Diptera,Athericidae,Atherix,,20,rural
150,2014,T5,August,CC,CCU,Ephemeroptera,Baetidae,Baetis,,1,rural
151,2014,T5,August,CC,CCU,Trichoptera,Hydropsychidae,Hydropsyche,,3,rural
152,2014,T5,August,CC,CCU,Trichoptera,Hydropsychidae,Hydropsyche,,3,rural
153,2014,T5,August,CC,CCU,Trichoptera,Hydropsychidae,Hydropsyche,,3,rural
154,2014,T5,August,CC,CCU,Trichoptera,Philopotamidae,Chimarra,,1,rural
155,2014,T5,August,CC,CCU,Megaloptera,Corydalidae,Corydalus,,1,rural
156,2014,T5,August,CC,CCU,Odonata,Gomphidae,Erpetogomphus,,1,rural
157,2014,T5,August,CC,CCU,Diptera,Tipulidae,Hexatoma,,1,rural
158,2014,T5,August,CC,CCU,Trichoptera,Hydropsychidae,Hydropsyche,,5,rural
159,2014,T5,August,CC,CCU,Ephemeroptera,Isonychiidae,Isonychia,,3,rural
160,2014,T5,August,CC,CCU,Ephemeroptera,Isonychiidae,Isonychia,,2,rural
161,2014,T5,August,CC,CCU,Ephemeroptera,Heptageniidae,Maccaffertium,,1,rural
162,2014,T5,August,CC,CCU,Ephemeroptera,Heptageniidae,Maccaffertium,,2,rural
163,2014,T5,August,CC,CCU,Coleoptera,Psephenidae,Psephenus,,1,rural
164,2014,T5,August,CC,CCU,Coleoptera,Elmidae,Stenelmis,,1,rural
165,2014,T5,August,CC,CCU,Odonata,Aeshnidae,,,1,rural
166,2014,T5,August,CC,CCU,Diptera,Athericidae,,,2,rural
167,2014,T5,August,CC,CCU,Megaloptera,Corydalidae,,,1,rural
168,2014,T5,August,CC,CCU,Ephemeroptera,Heptageniidae,,,2,rural
169,2014,T5,August,CC,CCU,Trichoptera,Hydropsychidae,,,2,rural
170,2014,T5,August,CC,CCU,Plecoptera,Perlidae,,,1,rural
171,2014,T5,August,CC,CCU,Coleoptera,Psephenidae,,,1,rural
172,2014,T6,September,CC,CCU,Plecoptera,Perlidae,Acroneuria,,1,rural
173,2014,T6,September,CC,CCU,Diptera,Athericidae,Atherix,,1,rural
174,2014,T6,September,CC,CCU,Trichoptera,Hydropsychidae,Hydropsyche,,1,rural
175,2014,T6,September,CC,CCU,Diptera,Tipulidae,Hexatoma,,1,rural
176,2014,T6,September,CC,CCU,Trichoptera,Hydropsychidae,Hydropsyche,,1,rural
177,2014,T6,September,CC,CCU,Ephemeroptera,Isonychiidae,Isonychia,,2,rural
178,2014,T6,September,CC,CCU,Coleoptera,Elmidae,Stenelmis,,1,rural
179,2014,T6,September,CC,CCU,Diptera,Athericidae,,,1,rural
180,2014,T6,September,CC,CCU,Trichoptera,Hydropsychidae,,,2,rural
181,2014,T6,September,CC,CCU,Diptera,Tipulidae,,,1,rural
880,2015,T10,July,CC,CCU,Ephemeroptera,Ameletidae,Ameletus,,4,rural
881,2015,T10,July,CC,CCU,Diptera,Athericidae,Atherix,,5,rural
882,2015,T10,July,CC,CCU,Trichoptera,Hydropsychidae,Hydropsyche,,25,rural
883,2015,T10,July,CC,CCU,Trichoptera,Philopotamidae,Chimarra,,13,rural
884,2015,T10,July,CC,CCU,Megaloptera,Corydalidae,Corydalus,,1,rural
885,2015,T10,July,CC,CCU,Ephemeroptera,Ephemerellidae,Ephemerella,,2,rural
886,2015,T10,July,CC,CCU,Odonata,Gomphidae,Erpetogomphus,,3,rural
887,2015,T10,July,CC,CCU,Trichoptera,Glossosomatidae,Glossosoma,,1,rural
888,2015,T10,July,CC,CCU,Diptera,Tipulidae,Hexatoma,,2,rural
889,2015,T10,July,CC,CCU,Trichoptera,Hydropsychidae,Hydropsyche,,21,rural
890,2015,T10,July,CC,CCU,Ephemeroptera,Isonychiidae,Isonychia,,9,rural
891,2015,T10,July,CC,CCU,Megaloptera,Corydalidae,Nigronia,serricornis,1,rural
892,2015,T10,July,CC,CCU,Diptera,Chironomidae,,,3,rural
893,2015,T11,August,CC,CCU,Diptera,Athericidae,Atherix,,3,rural
894,2015,T11,August,CC,CCU,Trichoptera,Hydropsychidae,Hydropsyche,,10,rural
895,2015,T11,August,CC,CCU,Trichoptera,Philopotamidae,Chimarra,,1,rural
896,2015,T11,August,CC,CCU,Odonata,Gomphidae,Erpetogomphus,,1,rural
897,2015,T11,August,CC,CCU,Diptera,Tipulidae,Hexatoma,,1,rural
898,2015,T11,August,CC,CCU,Trichoptera,Hydropsychidae,Hydropsyche,,12,rural
899,2015,T11,August,CC,CCU,Ephemeroptera,Isonychiidae,Isonychia,,2,rural
900,2015,T11,August,CC,CCU,Coleoptera,Psephenidae,Psephenus,,1,rural
901,2015,T11,August,CC,CCU,Diptera,Tipulidae,Tipula,,1,rural
902,2015,T12,September,CC,CCU,Plecoptera,Perlidae,Acroneuria,,2,rural
903,2015,T12,September,CC,CCU,Diptera,Athericidae,Atherix,,50,rural
904,2015,T12,September,CC,CCU,Trichoptera,Hydropsychidae,Hydropsyche,,16,rural
905,2015,T12,September,CC,CCU,Trichoptera,Philopotamidae,Chimarra,,20,rural
906,2015,T12,September,CC,CCU,Ephemeroptera,Ephemeridae,Ephemera,,1,rural
907,2015,T12,September,CC,CCU,Odonata,Gomphidae,Erpetogomphus,,3,rural
908,2015,T12,September,CC,CCU,Trichoptera,Hydropsychidae,Hydropsyche,,6,rural
909,2015,T12,September,CC,CCU,Ephemeroptera,Isonychiidae,Isonychia,,6,rural
910,2015,T12,September,CC,CCU,Coleoptera,Psephenidae,Psephenus,,4,rural
911,2015,T12,September,CC,CCU,Coleoptera,Elmidae,Stenelmis,,2,rural
912,2015,T7,April,CC,CCU,Ephemeroptera,Baetidae,Acerpenna,,3,rural
913,2015,T7,April,CC,CCU,Trichoptera,Hydropsychidae,Hydropsyche,,10,rural
914,2015,T7,April,CC,CCU,Trichoptera,Philopotamidae,Chimarra,,1,rural
915,2015,T7,April,CC,CCU,Ephemeroptera,Heptageniidae,Epeorus,,1,rural
916,2015,T7,April,CC,CCU,Ephemeroptera,Ephemerellidae,Ephemerella,,58,rural
917,2015,T7,April,CC,CCU,Odonata,Gomphidae,Erpetogomphus,,1,rural
918,2015,T7,April,CC,CCU,Trichoptera,Hydropsychidae,Hydropsyche,,6,rural
919,2015,T7,April,CC,CCU,Ephemeroptera,Isonychiidae,Isonychia,,1,rural
920,2015,T7,April,CC,CCU,Ephemeroptera,Heptageniidae,Maccaffertium,,2,rural
921,2015,T7,April,CC,CCU,Trichoptera,Uenoidae,Neophylax,,2,rural
922,2015,T7,April,CC,CCU,Plecoptera,Taeniopterygidae,Oemopteryx,,16,rural
923,2015,T7,April,CC,CCU,Diptera,Simuliidae,Prosimulium,,6,rural
924,2015,T7,April,CC,CCU,Ephemeroptera,Heptageniidae,Stenacron,,1,rural
925,2015,T7,April,CC,CCU,Plecoptera,Chloroperlidae,Sweltsa,,3,rural
926,2015,T7,April,CC,CCU,Diptera,Tipulidae,Tipula,,3,rural
927,2015,T7,April,CC,CCU,Diptera,Chironomidae,,,3,rural
928,2015,T8,May,CC,CCU,Plecoptera,Perlidae,Acroneuria,,1,rural
929,2015,T8,May,CC,CCU,Trichoptera,Hydropsychidae,Hydropsyche,,5,rural
930,2015,T8,May,CC,CCU,Trichoptera,Philopotamidae,Chimarra,,1,rural
931,2015,T8,May,CC,CCU,Ephemeroptera,Ephemerellidae,Drunella,,12,rural
932,2015,T8,May,CC,CCU,Ephemeroptera,Heptageniidae,Epeorus,,1,rural
933,2015,T8,May,CC,CCU,Ephemeroptera,Ephemerellidae,Ephemerella,,22,rural
934,2015,T8,May,CC,CCU,Diptera,Tipulidae,Hexatoma,,1,rural
935,2015,T8,May,CC,CCU,Trichoptera,Hydropsychidae,Hydropsyche,,15,rural
936,2015,T8,May,CC,CCU,Ephemeroptera,Isonychiidae,Isonychia,,6,rural
937,2015,T8,May,CC,CCU,Plecoptera,Perlodidae,Isoperla,,2,rural
938,2015,T8,May,CC,CCU,Odonata,Gomphidae,Lanthus,,1,rural
939,2015,T8,May,CC,CCU,Trichoptera,Uenoidae,Neophylax,,2,rural
940,2015,T8,May,CC,CCU,Coleoptera,Elmidae,Stenelmis,,6,rural
941,2015,T8,May,CC,CCU,Diptera,Tipulidae,Tipula,,1,rural
942,2015,T8,May,CC,CCU,Diptera,Chironomidae,,,3,rural
943,2015,T8,May,CC,CCU,Ephemeroptera,Heptageniidae,,,2,rural
944,2015,T9,June,CC,CCU,Diptera,Athericidae,Atherix,,2,rural
945,2015,T9,June,CC,CCU,Odonata,Aeshnidae,Boyeria,,1,rural
946,2015,T9,June,CC,CCU,Trichoptera,Philopotamidae,Chimarra,,11,rural
947,2015,T9,June,CC,CCU,Trichoptera,Philopotamidae,Dolophilodes,,20,rural
948,2015,T9,June,CC,CCU,Ephemeroptera,Ephemerellidae,Drunella,,3,rural
949,2015,T9,June,CC,CCU,Ephemeroptera,Heptageniidae,Epeorus,,3,rural
950,2015,T9,June,CC,CCU,Odonata,Gomphidae,Erpetogomphus,,2,rural
951,2015,T9,June,CC,CCU,Trichoptera,Glossosomatidae,Glossosoma,,1,rural
952,2015,T9,June,CC,CCU,Diptera,Tipulidae,Hexatoma,,2,rural
953,2015,T9,June,CC,CCU,Trichoptera,Hydropsychidae,Hydropsyche,,12,rural
954,2015,T9,June,CC,CCU,Ephemeroptera,Isonychiidae,Isonychia,,3,rural
955,2015,T9,June,CC,CCU,Ephemeroptera,Heptageniidae,Maccaffertium,,2,rural
956,2015,T9,June,CC,CCU,Coleoptera,Elmidae,Stenelmis,,35,rural
957,2015,T9,June,CC,CCU,Diptera,Chironomidae,,,6,rural
182,2014,T1,April,FH,FHD,Plecoptera,Chloroperlidae,,,2,urban
183,2014,T2,May,FH,FHD,Plecoptera,Perlodidae,Isoperla,,1,urban
184,2014,T2,May,FH,FHD,Plecoptera,Chloroperlidae,Sweltsa,,6,urban
185,2014,T2,May,FH,FHD,Ephemeroptera,Baetidae,,,1,urban
186,2014,T2,May,FH,FHD,Diptera,Chironomidae,,,4,urban
187,2014,T2,May,FH,FHD,Plecoptera,Chloroperlidae,,,1,urban
188,2014,T3,June,FH,FHD,Ephemeroptera,Caenidae,Caenis,,1,urban
189,2014,T3,June,FH,FHD,Trichoptera,Philopotamidae,Dolophilodes,,1,urban
190,2014,T3,June,FH,FHD,Plecoptera,Chloroperlidae,Sweltsa,,6,urban
191,2014,T3,June,FH,FHD,Diptera,Chironomidae,,,4,urban
192,2014,T3,June,FH,FHD,Trichoptera,Philopotamidae,,,1,urban
193,2014,T3,June,FH,FHD,Diptera,Simuliidae,,,2,urban
194,2014,T4,July,FH,FHD,Diptera,Tipulidae,Tipula,,1,urban
195,2014,T4,July,FH,FHD,Ephemeroptera,Baetidae,,,1,urban
196,2014,T5,August,FH,FHD,Trichoptera,Hydropsychidae,,,1,urban
197,2014,T6,September,FH,FHD,Trichoptera,Hydropsychidae,Hydropsyche,,3,urban
198,2014,T6,September,FH,FHD,Diptera,Tipulidae,Tipula,,1,urban
199,2014,T6,September,FH,FHD,Trichoptera,Philopotamidae,Wormaldia,,1,urban
200,2014,T6,September,FH,FHD,Odonata,Aeshnidae,,,1,urban
201,2014,T6,September,FH,FHD,Trichoptera,Hydropsychidae,,,1,urban
958,2015,T12,September,FH,FHD,Trichoptera,Hydropsychidae,Hydropsyche,,3,urban
959,2015,T12,September,FH,FHD,Trichoptera,Philopotamidae,Dolophilodes,,1,urban
960,2015,T12,September,FH,FHD,Diptera,Chaoboridae,Eucorethra,underwoodi,4,urban
961,2015,T12,September,FH,FHD,Trichoptera,Hydropsychidae,Hydropsyche,,8,urban
962,2015,T12,September,FH,FHD,Diptera,Simuliidae,Prosimulium,,2,urban
963,2015,T12,September,FH,FHD,Hemiptera,Veliidae,Rhagovelia,,3,urban
964,2015,T7,April,FH,FHD,Ephemeroptera,Ameletidae,Ameletus,,1,urban
965,2015,T7,April,FH,FHD,Trichoptera,Hydropsychidae,Hydropsyche,,6,urban
966,2015,T7,April,FH,FHD,Trichoptera,Hydropsychidae,Hydropsyche,,1,urban
967,2015,T7,April,FH,FHD,Plecoptera,Perlodidae,Isoperla,,6,urban
968,2015,T7,April,FH,FHD,Plecoptera,Taeniopterygidae,Oemopteryx,,3,urban
969,2015,T7,April,FH,FHD,Plecoptera,Chloroperlidae,Sweltsa,,1,urban
970,2015,T7,April,FH,FHD,Diptera,Tipulidae,Tipula,,2,urban
971,2015,T8,May,FH,FHD,Plecoptera,Capniidae,Allocampnia,,1,urban
972,2015,T8,May,FH,FHD,Plecoptera,Nemouridae,Amphinemura,,1,urban
973,2015,T8,May,FH,FHD,Trichoptera,Hydropsychidae,Hydropsyche,,2,urban
974,2015,T8,May,FH,FHD,Diptera,Simuliidae,Ectemnia,,1,urban
975,2015,T8,May,FH,FHD,Ephemeroptera,Baetidae,Fallceon,,24,urban
976,2015,T8,May,FH,FHD,Trichoptera,Hydropsychidae,Hydropsyche,,2,urban
977,2015,T8,May,FH,FHD,Plecoptera,Taeniopterygidae,Oemopteryx,,1,urban
978,2015,T8,May,FH,FHD,Diptera,Chironomidae,,,21,urban
979,2015,T9,June,FH,FHD,Diptera,Athericidae,Atherix,,1,urban
980,2015,T9,June,FH,FHD,Ephemeroptera,Heptageniidae,Maccaffertium,,3,urban
202,2014,T1,April,FH,FHU,Ephemeroptera,Baetidae,,,1,rural
203,2014,T1,April,FH,FHU,Plecoptera,Chloroperlidae,,,7,rural
204,2014,T1,April,FH,FHU,Plecoptera,Perlodidae,,,2,rural
205,2014,T1,April,FH,FHU,Diptera,Simuliidae,,,1,rural
206,2014,T1,April,FH,FHU,Plecoptera,Taeniopterygidae,,,2,rural
207,2014,T2,May,FH,FHU,Diptera,Chironomidae,,,1,rural
208,2014,T2,May,FH,FHU,Plecoptera,Chloroperlidae,,,3,rural
209,2014,T2,May,FH,FHU,Trichoptera,Hydropsychidae,,,1,rural
210,2014,T3,June,FH,FHU,Trichoptera,Hydropsychidae,Hydropsyche,,1,rural
211,2014,T3,June,FH,FHU,Ephemeroptera,Baetidae,Fallceon,,1,rural
212,2014,T3,June,FH,FHU,Ephemeroptera,Heptageniidae,Maccaffertium,,1,rural
213,2014,T3,June,FH,FHU,Ephemeroptera,Heptageniidae,Stenonema,fematoratum,1,rural
214,2014,T3,June,FH,FHU,Trichoptera,Philopotamidae,Wormaldia,,1,rural
215,2014,T3,June,FH,FHU,Ephemeroptera,Baetidae,,,1,rural
216,2014,T3,June,FH,FHU,Plecoptera,Chloroperlidae,,,1,rural
217,2014,T3,June,FH,FHU,Plecoptera,Chloroperlidae,,,2,rural
218,2014,T3,June,FH,FHU,Ephemeroptera,Heptageniidae,,,1,rural
219,2014,T3,June,FH,FHU,Trichoptera,Hydropsychidae,,,1,rural
220,2014,T3,June,FH,FHU,Trichoptera,Philopotamidae,,,1,rural
221,2014,T3,June,FH,FHU,Diptera,Tipulidae,,,1,rural
222,2014,T4,July,FH,FHU,Odonata,Gomphidae,,,1,rural
223,2014,T4,July,FH,FHU,Trichoptera,Philopotamidae,,,1,rural
224,2014,T4,July,FH,FHU,Hemiptera,Veliidae,,,1,rural
225,2014,T5,August,FH,FHU,Odonata,Aeshnidae,Boyeria,,1,rural
226,2014,T5,August,FH,FHU,Ephemeroptera,Baetidae,Fallceon,,1,rural
227,2014,T5,August,FH,FHU,Ephemeroptera,Isonychiidae,Isonychia,,1,rural
228,2014,T5,August,FH,FHU,Hemiptera,Veliidae,Microvelia,,1,rural
229,2014,T5,August,FH,FHU,Odonata,Aeshnidae,,,1,rural
230,2014,T6,September,FH,FHU,Ephemeroptera,Baetidae,Baetis,,1,rural
231,2014,T6,September,FH,FHU,Diptera,Tipulidae,Hexatoma,,1,rural
981,2015,T10,July,FH,FHU,Diptera,Tipulidae,Hexatoma,,1,rural
982,2015,T10,July,FH,FHU,Diptera,Simuliidae,Prosimulium,,1,rural
983,2015,T11,August,FH,FHU,Diptera,Tipulidae,Hexatoma,,1,rural
984,2015,T11,August,FH,FHU,Trichoptera,Hydropsychidae,Hydropsyche,,1,rural
985,2015,T11,August,FH,FHU,Ephemeroptera,Heptageniidae,Stenonema,fematoratum,2,rural
986,2015,T7,April,FH,FHU,Ephemeroptera,Ameletidae,Ameletus,,1,rural
987,2015,T7,April,FH,FHU,Trichoptera,Hydropsychidae,Hydropsyche,,6,rural
988,2015,T7,April,FH,FHU,Trichoptera,Philopotamidae,Dolophilodes,,1,rural
989,2015,T7,April,FH,FHU,Trichoptera,Hydropsychidae,Hydropsyche,,2,rural
990,2015,T7,April,FH,FHU,Plecoptera,Perlodidae,Isoperla,,34,rural
991,2015,T7,April,FH,FHU,Diptera,Tipulidae,Limonia,,1,rural
992,2015,T7,April,FH,FHU,Ephemeroptera,Heptageniidae,Maccaffertium,,1,rural
993,2015,T7,April,FH,FHU,Plecoptera,Taeniopterygidae,Oemopteryx,,2,rural
994,2015,T7,April,FH,FHU,Plecoptera,Chloroperlidae,Sweltsa,,2,rural
995,2015,T7,April,FH,FHU,Diptera,Chironomidae,,,1,rural
996,2015,T8,May,FH,FHU,Ephemeroptera,Ameletidae,Ameletus,,1,rural
997,2015,T8,May,FH,FHU,Trichoptera,Hydropsychidae,Hydropsyche,,2,rural
998,2015,T8,May,FH,FHU,Trichoptera,Philopotamidae,Dolophilodes,,1,rural
999,2015,T8,May,FH,FHU,Ephemeroptera,Heptageniidae,Epeorus,,1,rural
1000,2015,T8,May,FH,FHU,Trichoptera,Hydropsychidae,Hydropsyche,,3,rural
1001,2015,T8,May,FH,FHU,Plecoptera,Perlodidae,Isoperla,,16,rural
1002,2015,T8,May,FH,FHU,Trichoptera,Uenoidae,Neophylax,,1,rural
1003,2015,T8,May,FH,FHU,Plecoptera,Chloroperlidae,Sweltsa,,17,rural
1004,2015,T8,May,FH,FHU,Diptera,Tipulidae,Tipula,,2,rural
1005,2015,T8,May,FH,FHU,Diptera,Chironomidae,,,4,rural
1006,2015,T9,June,FH,FHU,Trichoptera,Hydropsychidae,Potamyia,flava,1,rural
1007,2015,T9,June,FH,FHU,Plecoptera,Chloroperlidae,Sweltsa,,2,rural
1008,2015,T9,June,FH,FHU,Diptera,Tipulidae,Tipula,,1,rural
232,2014,T2,May,LC,LCD,Plecoptera,Chloroperlidae,Sweltsa,,1,urban
233,2014,T2,May,LC,LCD,Coleoptera,Elmidae,,,2,urban
234,2014,T2,May,LC,LCD,Coleoptera,Elmidae,,,3,urban
235,2014,T4,July,LC,LCD,Plecoptera,Perlidae,Acroneuria,,2,urban
236,2014,T4,July,LC,LCD,Trichoptera,Hydropsychidae,Hydropsyche,,1,urban
237,2014,T4,July,LC,LCD,Coleoptera,Elmidae,Stenelmis,,4,urban
238,2014,T4,July,LC,LCD,Diptera,Chironomidae,,,5,urban
239,2014,T4,July,LC,LCD,Coleoptera,Elmidae,,,1,urban
240,2014,T4,July,LC,LCD,Odonata,Gomphidae,,,1,urban
241,2014,T4,July,LC,LCD,Trichoptera,Hydropsychidae,,,2,urban
242,2014,T4,July,LC,LCD,Coleoptera,Psephenidae,,,1,urban
243,2014,T5,August,LC,LCD,Trichoptera,Hydropsychidae,Hydropsyche,,1,urban
244,2014,T5,August,LC,LCD,Coleoptera,Psephenidae,Psephenus,,1,urban
245,2014,T5,August,LC,LCD,Coleoptera,Elmidae,Stenelmis,,1,urban
246,2014,T5,August,LC,LCD,Diptera,Chironomidae,,,2,urban
247,2014,T6,September,LC,LCD,Trichoptera,Hydropsychidae,Hydropsyche,,1,urban
248,2014,T6,September,LC,LCD,Diptera,Tipulidae,Tipula,,1,urban
249,2014,T6,September,LC,LCD,Coleoptera,Elmidae,,,2,urban
250,2014,T6,September,LC,LCD,Trichoptera,Hydropsychidae,,,2,urban
251,2014,T6,September,LC,LCD,Coleoptera,Psephenidae,,,1,urban
252,2014,T6,September,LC,LCD,Diptera,Tipulidae,,,1,urban
1009,2015,T10,July,LC,LCD,Trichoptera,Hydropsychidae,Hydropsyche,,1,urban
1010,2015,T10,July,LC,LCD,Diptera,Tipulidae,Hexatoma,,1,urban
1011,2015,T10,July,LC,LCD,Coleoptera,Psephenidae,Psephenus,,1,urban
1012,2015,T12,September,LC,LCD,Coleoptera,Hydrophilidae,Berosus,,3,urban
1013,2015,T12,September,LC,LCD,Trichoptera,Hydropsychidae,Hydropsyche,,1,urban
1014,2015,T12,September,LC,LCD,Coleoptera,Hydrophilidae,Helocombus,bifidus,1,urban
1015,2015,T12,September,LC,LCD,Trichoptera,Hydropsychidae,Hydropsyche,,15,urban
1016,2015,T12,September,LC,LCD,Hemiptera,Veliidae,Microvelia,,4,urban
1017,2015,T12,September,LC,LCD,Coleoptera,Psephenidae,Psephenus,,5,urban
1018,2015,T12,September,LC,LCD,Hemiptera,Veliidae,Rhagovelia,,1,urban
1019,2015,T12,September,LC,LCD,Coleoptera,Elmidae,Stenelmis,,3,urban
1020,2015,T12,September,LC,LCD,Plecoptera,Chloroperlidae,Sweltsa,,1,urban
1021,2015,T12,September,LC,LCD,Diptera,Tipulidae,Tipula,,1,urban
1022,2015,T8,May,LC,LCD,Coleoptera,Elmidae,Stenelmis,,4,urban
1023,2015,T8,May,LC,LCD,Diptera,Chironomidae,,,6,urban
1024,2015,T8,May,LC,LCD,Diptera,Dolichopodidae,,,1,urban
1025,2015,T9,June,LC,LCD,Trichoptera,Hydropsychidae,Hydropsyche,,5,urban
1026,2015,T9,June,LC,LCD,Megaloptera,Corydalidae,Nigronia,serricornis,1,urban
1027,2015,T9,June,LC,LCD,Coleoptera,Elmidae,Stenelmis,,2,urban
1028,2015,T9,June,LC,LCD,Diptera,Chironomidae,,,1,urban
1029,2015,T9,June,LC,LCD,Diptera,Simuliidae,,,1,urban
253,2014,T1,April,LC,LCU,Diptera,Tipulidae,Hexatoma,,2,rural
254,2014,T1,April,LC,LCU,Diptera,Chironomidae,,,5,rural
255,2014,T1,April,LC,LCU,Diptera,Chironomidae,,,1,rural
256,2014,T1,April,LC,LCU,Plecoptera,Chloroperlidae,,,2,rural
257,2014,T1,April,LC,LCU,Coleoptera,Elmidae,,,1,rural
258,2014,T1,April,LC,LCU,Trichoptera,Hydropsychidae,,,1,rural
259,2014,T1,April,LC,LCU,Plecoptera,Perlodidae,,,3,rural
260,2014,T2,May,LC,LCU,Plecoptera,Perlodidae,Isoperla,,3,rural
261,2014,T2,May,LC,LCU,Megaloptera,Sialidae,Sialis,,1,rural
262,2014,T2,May,LC,LCU,Diptera,Tipulidae,Tipula,,1,rural
263,2014,T2,May,LC,LCU,Ephemeroptera,Baetidae,,,1,rural
264,2014,T2,May,LC,LCU,Diptera,Chironomidae,,,2,rural
265,2014,T2,May,LC,LCU,Plecoptera,Chloroperlidae,,,3,rural
266,2014,T2,May,LC,LCU,Megaloptera,Sialidae,,,1,rural
267,2014,T3,June,LC,LCU,Megaloptera,Sialidae,Sialis,,1,rural
268,2014,T3,June,LC,LCU,Megaloptera,Sialidae,,,1,rural
269,2014,T4,July,LC,LCU,Diptera,Athericidae,Atherix,,1,rural
270,2014,T4,July,LC,LCU,Trichoptera,Hydropsychidae,Hydropsyche,,3,rural
271,2014,T4,July,LC,LCU,Diptera,Tipulidae,Tipula,,2,rural
272,2014,T4,July,LC,LCU,Trichoptera,Hydropsychidae,,,1,rural
273,2014,T4,July,LC,LCU,Ephemeroptera,Leptophlebiidae,,,1,rural
274,2014,T4,July,LC,LCU,Diptera,Tipulidae,,,2,rural
275,2014,T5,August,LC,LCU,Trichoptera,Hydropsychidae,Hydropsyche,,5,rural
276,2014,T5,August,LC,LCU,Diptera,Tipulidae,Tipula,,4,rural
277,2014,T5,August,LC,LCU,Diptera,Chironomidae,,,1,rural
278,2014,T5,August,LC,LCU,Plecoptera,Chloroperlidae,,,1,rural
279,2014,T5,August,LC,LCU,Diptera,Tipulidae,,,2,rural
280,2014,T6,September,LC,LCU,Odonata,Aeshnidae,Aeshna,,2,rural
281,2014,T6,September,LC,LCU,Trichoptera,Hydropsychidae,Hydropsyche,,3,rural
282,2014,T6,September,LC,LCU,Trichoptera,Hydropsychidae,Hydropsyche,,1,rural
283,2014,T6,September,LC,LCU,Diptera,Tipulidae,Tipula,,7,rural
284,2014,T6,September,LC,LCU,Odonata,Aeshnidae,,,1,rural
285,2014,T6,September,LC,LCU,Trichoptera,Hydropsychidae,,,2,rural
286,2014,T6,September,LC,LCU,Plecoptera,Perlidae,,,1,rural
287,2014,T6,September,LC,LCU,Trichoptera,Philopotamidae,,,1,rural
288,2014,T6,September,LC,LCU,Diptera,Tipulidae,,,2,rural
1030,2015,T10,July,LC,LCU,Plecoptera,Perlidae,Acroneuria,,1,rural
1031,2015,T10,July,LC,LCU,Ephemeroptera,Baetidae,Baetis,,1,rural
1032,2015,T10,July,LC,LCU,Trichoptera,Hydropsychidae,Hydropsyche,,2,rural
1033,2015,T10,July,LC,LCU,Diptera,Tipulidae,Dicranota,,1,rural
1034,2015,T10,July,LC,LCU,Trichoptera,Hydropsychidae,Hydropsyche,,5,rural
1035,2015,T11,August,LC,LCU,Odonata,Aeshnidae,Boyeria,,1,rural
1036,2015,T11,August,LC,LCU,Diptera,Tipulidae,Hexatoma,,2,rural
1037,2015,T12,September,LC,LCU,Coleoptera,Hydrophilidae,Berosus,,3,rural
1038,2015,T12,September,LC,LCU,Trichoptera,Philopotamidae,Dolophilodes,,1,rural
1039,2015,T12,September,LC,LCU,Coleoptera,Hydrophilidae,Helocombus,bifidus,1,rural
1040,2015,T12,September,LC,LCU,Ephemeroptera,Heptageniidae,Maccaffertium,,1,rural
1041,2015,T12,September,LC,LCU,Hemiptera,Veliidae,Rhagovelia,,3,rural
1042,2015,T12,September,LC,LCU,Ephemeroptera,Heptageniidae,Stenacron,,11,rural
1043,2015,T12,September,LC,LCU,Diptera,Tipulidae,Tipula,,2,rural
1044,2015,T7,April,LC,LCU,Plecoptera,Perlodidae,Isoperla,,1,rural
1045,2015,T7,April,LC,LCU,Diptera,Tipulidae,Tipula,,3,rural
1046,2015,T7,April,LC,LCU,Diptera,Chironomidae,,,3,rural
1047,2015,T8,May,LC,LCU,Plecoptera,Perlidae,Acroneuria,,1,rural
1048,2015,T8,May,LC,LCU,Ephemeroptera,Ephemerellidae,Ephemerella,,13,rural
1049,2015,T8,May,LC,LCU,Trichoptera,Hydropsychidae,Hydropsyche,,1,rural
1050,2015,T8,May,LC,LCU,Plecoptera,Perlodidae,Isoperla,,2,rural
1051,2015,T8,May,LC,LCU,Coleoptera,Elmidae,Stenelmis,,1,rural
1052,2015,T8,May,LC,LCU,Plecoptera,Chloroperlidae,Sweltsa,,1,rural
1053,2015,T8,May,LC,LCU,Diptera,Chironomidae,,,1,rural
1054,2015,T9,June,LC,LCU,Plecoptera,Perlidae,Acroneuria,,1,rural
1055,2015,T9,June,LC,LCU,Diptera,Tipulidae,Tipula,,1,rural
289,2014,T1,April,LS,LSD,Ephemeroptera,Isonychiidae,Isonychia,,2,ref_down
290,2014,T1,April,LS,LSD,Ephemeroptera,Isonychiidae,Isonychia,,2,ref_down
291,2014,T1,April,LS,LSD,Plecoptera,Chloroperlidae,,,2,ref_down
292,2014,T1,April,LS,LSD,Plecoptera,Chloroperlidae,,,1,ref_down
293,2014,T1,April,LS,LSD,Ephemeroptera,Ephemerellidae,,,3,ref_down
294,2014,T1,April,LS,LSD,Ephemeroptera,Heptageniidae,,,1,ref_down
295,2014,T1,April,LS,LSD,Ephemeroptera,Heptageniidae,,,1,ref_down
296,2014,T1,April,LS,LSD,Trichoptera,Hydropsychidae,,,1,ref_down
297,2014,T1,April,LS,LSD,Trichoptera,Hydropsychidae,,,9,ref_down
298,2014,T1,April,LS,LSD,Plecoptera,Perlidae,,,1,ref_down
299,2014,T1,April,LS,LSD,Coleoptera,Psephenidae,,,1,ref_down
300,2014,T1,April,LS,LSD,Plecoptera,Taeniopterygidae,,,23,ref_down
301,2014,T1,April,LS,LSD,Diptera,Tipulidae,,,1,ref_down
302,2014,T2,May,LS,LSD,Trichoptera,Hydropsychidae,Hydropsyche,,4,ref_down
303,2014,T2,May,LS,LSD,Ephemeroptera,Heptageniidae,Epeorus,,1,ref_down
304,2014,T2,May,LS,LSD,Ephemeroptera,Ephemerellidae,Ephemerella,,6,ref_down
305,2014,T2,May,LS,LSD,Ephemeroptera,Ephemerellidae,Eurylophella,,3,ref_down
306,2014,T2,May,LS,LSD,Trichoptera,Hydropsychidae,Hydropsyche,,10,ref_down
307,2014,T2,May,LS,LSD,Ephemeroptera,Isonychiidae,Isonychia,,4,ref_down
308,2014,T2,May,LS,LSD,Ephemeroptera,Isonychiidae,Isonychia,,1,ref_down
309,2014,T2,May,LS,LSD,Plecoptera,Perlodidae,Isoperla,,6,ref_down
310,2014,T2,May,LS,LSD,Coleoptera,Psephenidae,Psephenus,,1,ref_down
311,2014,T2,May,LS,LSD,Ephemeroptera,Baetidae,,,1,ref_down
312,2014,T2,May,LS,LSD,Plecoptera,Chloroperlidae,,,3,ref_down
313,2014,T2,May,LS,LSD,Ephemeroptera,Ephemerellidae,,,3,ref_down
314,2014,T2,May,LS,LSD,Ephemeroptera,Heptageniidae,,,1,ref_down
315,2014,T2,May,LS,LSD,Trichoptera,Hydropsychidae,,,4,ref_down
316,2014,T2,May,LS,LSD,Ephemeroptera,Leptophlebiidae,,,2,ref_down
317,2014,T2,May,LS,LSD,Plecoptera,Perlidae,,,2,ref_down
318,2014,T2,May,LS,LSD,Trichoptera,Philopotamidae,,,2,ref_down
319,2014,T2,May,LS,LSD,Diptera,Tipulidae,,,2,ref_down
320,2014,T2,May,LS,LSD,Trichoptera,Uenoidae,,,1,ref_down
321,2014,T3,June,LS,LSD,Diptera,Athericidae,Atherix,,1,ref_down
322,2014,T3,June,LS,LSD,Ephemeroptera,Baetidae,Baetis,,1,ref_down
323,2014,T3,June,LS,LSD,Trichoptera,Hydropsychidae,Hydropsyche,,7,ref_down
324,2014,T3,June,LS,LSD,Trichoptera,Philopotamidae,Dolophilodes,,2,ref_down
325,2014,T3,June,LS,LSD,Ephemeroptera,Heptageniidae,Epeorus,,1,ref_down
326,2014,T3,June,LS,LSD,Ephemeroptera,Ephemerellidae,Ephemerella,,1,ref_down
327,2014,T3,June,LS,LSD,Diptera,Tipulidae,Hexatoma,,2,ref_down
328,2014,T3,June,LS,LSD,Trichoptera,Hydropsychidae,Hydropsyche,,4,ref_down
329,2014,T3,June,LS,LSD,Ephemeroptera,Isonychiidae,Isonychia,,1,ref_down
330,2014,T3,June,LS,LSD,Ephemeroptera,Isonychiidae,Isonychia,,1,ref_down
331,2014,T3,June,LS,LSD,Plecoptera,Perlidae,Neoperla,,5,ref_down
332,2014,T3,June,LS,LSD,Ephemeroptera,Heptageniidae,Stenonema,fematoratum,8,ref_down
333,2014,T3,June,LS,LSD,Ephemeroptera,Baetidae,,,1,ref_down
334,2014,T3,June,LS,LSD,Diptera,Chironomidae,,,1,ref_down
335,2014,T3,June,LS,LSD,Diptera,Chironomidae,,,3,ref_down
336,2014,T3,June,LS,LSD,Ephemeroptera,Ephemerellidae,,,1,ref_down
337,2014,T3,June,LS,LSD,Ephemeroptera,Heptageniidae,,,3,ref_down
338,2014,T3,June,LS,LSD,Trichoptera,Hydropsychidae,,,3,ref_down
339,2014,T3,June,LS,LSD,Plecoptera,Perlidae,,,2,ref_down
340,2014,T3,June,LS,LSD,Trichoptera,Philopotamidae,,,1,ref_down
341,2014,T3,June,LS,LSD,Diptera,Tipulidae,,,2,ref_down
342,2014,T3,June,LS,LSD,Trichoptera,Uenoidae,,,2,ref_down
343,2014,T4,July,LS,LSD,Diptera,Athericidae,Atherix,,3,ref_down
344,2014,T4,July,LS,LSD,Trichoptera,Hydropsychidae,Hydropsyche,,7,ref_down
345,2014,T4,July,LS,LSD,Diptera,Tipulidae,Hexatoma,,1,ref_down
346,2014,T4,July,LS,LSD,Diptera,Tipulidae,Hexatoma,,4,ref_down
347,2014,T4,July,LS,LSD,Trichoptera,Hydropsychidae,Hydropsyche,,10,ref_down
348,2014,T4,July,LS,LSD,Ephemeroptera,Isonychiidae,Isonychia,,1,ref_down
349,2014,T4,July,LS,LSD,Ephemeroptera,Isonychiidae,Isonychia,,2,ref_down
350,2014,T4,July,LS,LSD,Coleoptera,Psephenidae,Psephenus,,6,ref_down
351,2014,T4,July,LS,LSD,Ephemeroptera,Heptageniidae,Stenonema,fematoratum,1,ref_down
352,2014,T4,July,LS,LSD,Diptera,Athericidae,,,1,ref_down
353,2014,T4,July,LS,LSD,Diptera,Chironomidae,,,1,ref_down
354,2014,T4,July,LS,LSD,Coleoptera,Elmidae,,,1,ref_down
355,2014,T4,July,LS,LSD,Ephemeroptera,Heptageniidae,,,1,ref_down
356,2014,T4,July,LS,LSD,Trichoptera,Hydropsychidae,,,3,ref_down
357,2014,T4,July,LS,LSD,Plecoptera,Perlidae,,,1,ref_down
358,2014,T4,July,LS,LSD,Trichoptera,Philopotamidae,,,2,ref_down
359,2014,T4,July,LS,LSD,Coleoptera,Psephenidae,,,3,ref_down
360,2014,T4,July,LS,LSD,Diptera,Tipulidae,,,2,ref_down
361,2014,T5,August,LS,LSD,Plecoptera,Perlidae,Acroneuria,,1,ref_down
362,2014,T5,August,LS,LSD,Diptera,Athericidae,Atherix,,3,ref_down
363,2014,T5,August,LS,LSD,Trichoptera,Philopotamidae,Chimarra,,2,ref_down
364,2014,T5,August,LS,LSD,Ephemeroptera,Heptageniidae,Epeorus,,1,ref_down
365,2014,T5,August,LS,LSD,Diptera,Tipulidae,Hexatoma,,4,ref_down
366,2014,T5,August,LS,LSD,Trichoptera,Hydropsychidae,Hydropsyche,,9,ref_down
367,2014,T5,August,LS,LSD,Ephemeroptera,Isonychiidae,Isonychia,,5,ref_down
368,2014,T5,August,LS,LSD,Ephemeroptera,Isonychiidae,Isonychia,,2,ref_down
369,2014,T5,August,LS,LSD,Coleoptera,Psephenidae,Psephenus,,2,ref_down
370,2014,T5,August,LS,LSD,Ephemeroptera,Heptageniidae,Stenacron,,1,ref_down
371,2014,T5,August,LS,LSD,Coleoptera,Elmidae,Stenelmis,,2,ref_down
372,2014,T5,August,LS,LSD,Diptera,Athericidae,,,2,ref_down
373,2014,T5,August,LS,LSD,Diptera,Chironomidae,,,2,ref_down
374,2014,T5,August,LS,LSD,Ephemeroptera,Heptageniidae,,,3,ref_down
375,2014,T5,August,LS,LSD,Trichoptera,Hydropsychidae,,,2,ref_down
376,2014,T5,August,LS,LSD,Plecoptera,Perlidae,,,1,ref_down
377,2014,T5,August,LS,LSD,Coleoptera,Psephenidae,,,2,ref_down
378,2014,T5,August,LS,LSD,Diptera,Tipulidae,,,2,ref_down
379,2014,T6,September,LS,LSD,Plecoptera,Perlidae,Acroneuria,,3,ref_down
380,2014,T6,September,LS,LSD,Plecoptera,Perlidae,Agnetina,,2,ref_down
381,2014,T6,September,LS,LSD,Trichoptera,Hydropsychidae,Hydropsyche,,40,ref_down
382,2014,T6,September,LS,LSD,Trichoptera,Philopotamidae,Chimarra,,9,ref_down
383,2014,T6,September,LS,LSD,Odonata,Gomphidae,Erpetogomphus,,1,ref_down
384,2014,T6,September,LS,LSD,Diptera,Tipulidae,Hexatoma,,5,ref_down
385,2014,T6,September,LS,LSD,Trichoptera,Hydropsychidae,Hydropsyche,,46,ref_down
386,2014,T6,September,LS,LSD,Ephemeroptera,Isonychiidae,Isonychia,,73,ref_down
387,2014,T6,September,LS,LSD,Ephemeroptera,Isonychiidae,Isonychia,,9,ref_down
388,2014,T6,September,LS,LSD,Ephemeroptera,Heptageniidae,Maccaffertium,,10,ref_down
389,2014,T6,September,LS,LSD,Coleoptera,Psephenidae,Psephenus,,12,ref_down
390,2014,T6,September,LS,LSD,Coleoptera,Elmidae,Stenelmis,,3,ref_down
391,2014,T6,September,LS,LSD,Ephemeroptera,Heptageniidae,Stenonema,fematoratum,4,ref_down
392,2014,T6,September,LS,LSD,Diptera,Chironomidae,,,2,ref_down
393,2014,T6,September,LS,LSD,Ephemeroptera,Heptageniidae,,,3,ref_down
394,2014,T6,September,LS,LSD,Trichoptera,Hydropsychidae,,,9,ref_down
395,2014,T6,September,LS,LSD,Plecoptera,Perlidae,,,2,ref_down
396,2014,T6,September,LS,LSD,Trichoptera,Philopotamidae,,,2,ref_down
397,2014,T6,September,LS,LSD,Coleoptera,Psephenidae,,,2,ref_down
398,2014,T6,September,LS,LSD,Diptera,Tipulidae,,,1,ref_down
1056,2015,T10,July,LS,LSD,Plecoptera,Perlidae,Agnetina,,3,ref_down
1057,2015,T10,July,LS,LSD,Ephemeroptera,Ameletidae,Ameletus,,1,ref_down
1058,2015,T10,July,LS,LSD,Trichoptera,Glossosomatidae,Glossosoma,,1,ref_down
1059,2015,T10,July,LS,LSD,Diptera,Tipulidae,Hexatoma,,6,ref_down
1060,2015,T10,July,LS,LSD,Trichoptera,Hydropsychidae,Hydropsyche,,5,ref_down
1061,2015,T10,July,LS,LSD,Ephemeroptera,Isonychiidae,Isonychia,,1,ref_down
1062,2015,T10,July,LS,LSD,Coleoptera,Psephenidae,Psephenus,,2,ref_down
1063,2015,T10,July,LS,LSD,Coleoptera,Elmidae,Stenelmis,,1,ref_down
1064,2015,T11,August,LS,LSD,Plecoptera,Perlidae,Acroneuria,,1,ref_down
1065,2015,T11,August,LS,LSD,Plecoptera,Perlidae,Agnetina,,4,ref_down
1066,2015,T11,August,LS,LSD,Trichoptera,Hydropsychidae,Hydropsyche,,9,ref_down
1067,2015,T11,August,LS,LSD,Ephemeroptera,Heptageniidae,Epeorus,,3,ref_down
1068,2015,T11,August,LS,LSD,Trichoptera,Glossosomatidae,Glossosoma,,2,ref_down
1069,2015,T11,August,LS,LSD,Diptera,Tipulidae,Hexatoma,,3,ref_down
1070,2015,T11,August,LS,LSD,Trichoptera,Hydropsychidae,Hydropsyche,,29,ref_down
1071,2015,T11,August,LS,LSD,Ephemeroptera,Isonychiidae,Isonychia,,1,ref_down
1072,2015,T11,August,LS,LSD,Plecoptera,Perlidae,Neoperla,,1,ref_down
1073,2015,T11,August,LS,LSD,Coleoptera,Psephenidae,Psephenus,,16,ref_down
1074,2015,T11,August,LS,LSD,Coleoptera,Elmidae,Stenelmis,,2,ref_down
1075,2015,T11,August,LS,LSD,Ephemeroptera,Heptageniidae,Stenonema,fematoratum,1,ref_down
1076,2015,T11,August,LS,LSD,Diptera,Chironomidae,,,1,ref_down
1077,2015,T7,April,LS,LSD,Plecoptera,Perlidae,Acroneuria,,2,ref_down
1078,2015,T7,April,LS,LSD,Plecoptera,Perlidae,Agnetina,,1,ref_down
1079,2015,T7,April,LS,LSD,Odonata,Aeshnidae,Boyeria,,1,ref_down
1080,2015,T7,April,LS,LSD,Trichoptera,Hydropsychidae,Hydropsyche,,16,ref_down
1081,2015,T7,April,LS,LSD,Ephemeroptera,Ephemerellidae,Ephemerella,,16,ref_down
1082,2015,T7,April,LS,LSD,Diptera,Tipulidae,Hexatoma,,1,ref_down
1083,2015,T7,April,LS,LSD,Trichoptera,Hydropsychidae,Hydropsyche,,7,ref_down
1084,2015,T7,April,LS,LSD,Ephemeroptera,Isonychiidae,Isonychia,,3,ref_down
1085,2015,T7,April,LS,LSD,Plecoptera,Perlodidae,Isoperla,,17,ref_down
1086,2015,T7,April,LS,LSD,Odonata,Gomphidae,Lanthus,,1,ref_down
1087,2015,T7,April,LS,LSD,Ephemeroptera,Heptageniidae,Maccaffertium,,6,ref_down
1088,2015,T7,April,LS,LSD,Plecoptera,Perlidae,Neoperla,,3,ref_down
1089,2015,T7,April,LS,LSD,Plecoptera,Taeniopterygidae,Oemopteryx,,3,ref_down
1090,2015,T7,April,LS,LSD,Plecoptera,Chloroperlidae,Sweltsa,,1,ref_down
1091,2015,T8,May,LS,LSD,Plecoptera,Perlidae,Acroneuria,,1,ref_down
1092,2015,T8,May,LS,LSD,Plecoptera,Perlidae,Agnetina,,1,ref_down
1093,2015,T8,May,LS,LSD,Ephemeroptera,Baetidae,Baetis,,1,ref_down
1094,2015,T8,May,LS,LSD,Trichoptera,Hydropsychidae,Hydropsyche,,9,ref_down
1095,2015,T8,May,LS,LSD,Trichoptera,Philopotamidae,Chimarra,,1,ref_down
1096,2015,T8,May,LS,LSD,Ephemeroptera,Heptageniidae,Epeorus,,6,ref_down
1097,2015,T8,May,LS,LSD,Ephemeroptera,Ephemerellidae,Ephemerella,,12,ref_down
1098,2015,T8,May,LS,LSD,Diptera,Tipulidae,Hexatoma,,9,ref_down
1099,2015,T8,May,LS,LSD,Trichoptera,Hydropsychidae,Hydropsyche,,29,ref_down
1100,2015,T8,May,LS,LSD,Ephemeroptera,Isonychiidae,Isonychia,,14,ref_down
1101,2015,T8,May,LS,LSD,Ephemeroptera,Heptageniidae,Maccaffertium,,5,ref_down
1102,2015,T8,May,LS,LSD,Trichoptera,Uenoidae,Neophylax,,2,ref_down
1103,2015,T8,May,LS,LSD,Megaloptera,Corydalidae,Nigronia,serricornis,1,ref_down
1104,2015,T8,May,LS,LSD,Coleoptera,Psephenidae,Psephenus,,15,ref_down
1105,2015,T8,May,LS,LSD,Coleoptera,Elmidae,Stenelmis,,3,ref_down
1106,2015,T8,May,LS,LSD,Diptera,Chironomidae,,,1,ref_down
1107,2015,T9,June,LS,LSD,Plecoptera,Perlidae,Acroneuria,,2,ref_down
1108,2015,T9,June,LS,LSD,Plecoptera,Perlidae,Agnetina,,4,ref_down
1109,2015,T9,June,LS,LSD,Diptera,Athericidae,Atherix,,2,ref_down
1110,2015,T9,June,LS,LSD,Ephemeroptera,Baetidae,Baetis,,1,ref_down
1111,2015,T9,June,LS,LSD,Trichoptera,Hydropsychidae,Hydropsyche,,1,ref_down
1112,2015,T9,June,LS,LSD,Ephemeroptera,Heptageniidae,Epeorus,,3,ref_down
1113,2015,T9,June,LS,LSD,Ephemeroptera,Ephemerellidae,Ephemerella,,1,ref_down
1114,2015,T9,June,LS,LSD,Trichoptera,Glossosomatidae,Glossosoma,,1,ref_down
1115,2015,T9,June,LS,LSD,Diptera,Tipulidae,Hexatoma,,13,ref_down
1116,2015,T9,June,LS,LSD,Trichoptera,Hydropsychidae,Hydropsyche,,27,ref_down
1117,2015,T9,June,LS,LSD,Ephemeroptera,Isonychiidae,Isonychia,,2,ref_down
1118,2015,T9,June,LS,LSD,Odonata,Gomphidae,Lanthus,,1,ref_down
1119,2015,T9,June,LS,LSD,Ephemeroptera,Heptageniidae,Maccaffertium,,2,ref_down
1120,2015,T9,June,LS,LSD,Plecoptera,Perlidae,Neoperla,,4,ref_down
1121,2015,T9,June,LS,LSD,Megaloptera,Corydalidae,Nigronia,serricornis,1,ref_down
1122,2015,T9,June,LS,LSD,Coleoptera,Psephenidae,Psephenus,,31,ref_down
1123,2015,T9,June,LS,LSD,Coleoptera,Elmidae,Stenelmis,,5,ref_down
1124,2015,T9,June,LS,LSD,Diptera,Chironomidae,,,13,ref_down
399,2014,T1,April,LS,LSU,Ephemeroptera,Isonychiidae,Isonychia,,2,ref_up
400,2014,T1,April,LS,LSU,Ephemeroptera,Isonychiidae,Isonychia,,2,ref_up
401,2014,T1,April,LS,LSU,Ephemeroptera,Baetidae,,,1,ref_up
402,2014,T1,April,LS,LSU,Ephemeroptera,Ephemerellidae,,,2,ref_up
403,2014,T1,April,LS,LSU,Ephemeroptera,Heptageniidae,,,1,ref_up
404,2014,T1,April,LS,LSU,Trichoptera,Hydropsychidae,,,1,ref_up
405,2014,T1,April,LS,LSU,Plecoptera,Perlodidae,,,2,ref_up
406,2014,T1,April,LS,LSU,Plecoptera,Perlodidae,,,1,ref_up
407,2014,T1,April,LS,LSU,Trichoptera,Philopotamidae,,,1,ref_up
408,2014,T1,April,LS,LSU,Plecoptera,Taeniopterygidae,,,8,ref_up
409,2014,T1,April,LS,LSU,Plecoptera,Taeniopterygidae,,,2,ref_up
410,2014,T2,May,LS,LSU,Ephemeroptera,Baetidae,Baetis,,2,ref_up
411,2014,T2,May,LS,LSU,Ephemeroptera,Ephemerellidae,Drunella,,1,ref_up
412,2014,T2,May,LS,LSU,Ephemeroptera,Ephemerellidae,Ephemerella,,5,ref_up
413,2014,T2,May,LS,LSU,Ephemeroptera,Ephemerellidae,Eurylophella,,2,ref_up
414,2014,T2,May,LS,LSU,Diptera,Tipulidae,Hexatoma,,2,ref_up
415,2014,T2,May,LS,LSU,Plecoptera,Perlodidae,Isoperla,,6,ref_up
416,2014,T2,May,LS,LSU,Ephemeroptera,Heptageniidae,Leucrocuta,,1,ref_up
417,2014,T2,May,LS,LSU,Ephemeroptera,Leptophlebiidae,Paraleptophlebia,,1,ref_up
418,2014,T2,May,LS,LSU,Plecoptera,Chloroperlidae,Sweltsa,,4,ref_up
419,2014,T2,May,LS,LSU,Ephemeroptera,Baetidae,,,1,ref_up
420,2014,T2,May,LS,LSU,Diptera,Chironomidae,,,1,ref_up
421,2014,T2,May,LS,LSU,Plecoptera,Chloroperlidae,,,3,ref_up
422,2014,T2,May,LS,LSU,Ephemeroptera,Heptageniidae,,,1,ref_up
423,2014,T2,May,LS,LSU,Trichoptera,Hydropsychidae,,,1,ref_up
424,2014,T2,May,LS,LSU,Ephemeroptera,Leptophlebiidae,,,1,ref_up
425,2014,T3,June,LS,LSU,Trichoptera,Hydropsychidae,Hydropsyche,,2,ref_up
426,2014,T3,June,LS,LSU,Trichoptera,Philopotamidae,Dolophilodes,,1,ref_up
427,2014,T3,June,LS,LSU,Ephemeroptera,Heptageniidae,Maccaffertium,,5,ref_up
428,2014,T3,June,LS,LSU,Trichoptera,Philopotamidae,Wormaldia,,3,ref_up
429,2014,T3,June,LS,LSU,Diptera,Chironomidae,,,6,ref_up
430,2014,T3,June,LS,LSU,Ephemeroptera,Heptageniidae,,,1,ref_up
431,2014,T3,June,LS,LSU,Trichoptera,Hydropsychidae,,,1,ref_up
432,2014,T3,June,LS,LSU,Ephemeroptera,Leptophlebiidae,,,3,ref_up
433,2014,T3,June,LS,LSU,Plecoptera,Perlidae,,,1,ref_up
434,2014,T3,June,LS,LSU,Trichoptera,Philopotamidae,,,2,ref_up
435,2014,T4,July,LS,LSU,Trichoptera,Hydropsychidae,Hydropsyche,,5,ref_up
436,2014,T4,July,LS,LSU,Diptera,Tipulidae,Hexatoma,,1,ref_up
437,2014,T4,July,LS,LSU,Diptera,Tipulidae,Hexatoma,,1,ref_up
438,2014,T4,July,LS,LSU,Trichoptera,Hydropsychidae,Hydropsyche,,5,ref_up
439,2014,T4,July,LS,LSU,Ephemeroptera,Heptageniidae,Leucrocuta,,1,ref_up
440,2014,T4,July,LS,LSU,Ephemeroptera,Heptageniidae,Maccaffertium,,3,ref_up
441,2014,T4,July,LS,LSU,Ephemeroptera,Heptageniidae,Maccaffertium,,4,ref_up
442,2014,T4,July,LS,LSU,Coleoptera,Psephenidae,Psephenus,,14,ref_up
443,2014,T4,July,LS,LSU,Ephemeroptera,Heptageniidae,Stenacron,,4,ref_up
444,2014,T4,July,LS,LSU,Ephemeroptera,Heptageniidae,Stenonema,fematoratum,1,ref_up
445,2014,T4,July,LS,LSU,Diptera,Tipulidae,Tipula,,10,ref_up
446,2014,T4,July,LS,LSU,Trichoptera,Hydropsychidae,,,2,ref_up
447,2014,T4,July,LS,LSU,Ephemeroptera,Leptophlebiidae,,,1,ref_up
448,2014,T4,July,LS,LSU,Trichoptera,Philopotamidae,,,1,ref_up
449,2014,T4,July,LS,LSU,Coleoptera,Psephenidae,,,3,ref_up
450,2014,T5,August,LS,LSU,Trichoptera,Hydropsychidae,Hydropsyche,,1,ref_up
451,2014,T5,August,LS,LSU,Diptera,Tipulidae,Hexatoma,,1,ref_up
452,2014,T5,August,LS,LSU,Trichoptera,Hydropsychidae,Hydropsyche,,1,ref_up
453,2014,T5,August,LS,LSU,Ephemeroptera,Isonychiidae,Isonychia,,2,ref_up
454,2014,T5,August,LS,LSU,Coleoptera,Psephenidae,Psephenus,,7,ref_up
455,2014,T5,August,LS,LSU,Odonata,Aeshnidae,,,1,ref_up
456,2014,T5,August,LS,LSU,Diptera,Athericidae,,,1,ref_up
457,2014,T5,August,LS,LSU,Diptera,Chironomidae,,,1,ref_up
458,2014,T5,August,LS,LSU,Coleoptera,Psephenidae,,,2,ref_up
459,2014,T5,August,LS,LSU,Diptera,Tipulidae,,,1,ref_up
460,2014,T6,September,LS,LSU,Trichoptera,Hydropsychidae,Hydropsyche,,7,ref_up
461,2014,T6,September,LS,LSU,Diptera,Tipulidae,Hexatoma,,2,ref_up
462,2014,T6,September,LS,LSU,Trichoptera,Hydropsychidae,Hydropsyche,,11,ref_up
463,2014,T6,September,LS,LSU,Ephemeroptera,Isonychiidae,Isonychia,,2,ref_up
464,2014,T6,September,LS,LSU,Ephemeroptera,Isonychiidae,Isonychia,,1,ref_up
465,2014,T6,September,LS,LSU,Ephemeroptera,Heptageniidae,Maccaffertium,,2,ref_up
466,2014,T6,September,LS,LSU,Coleoptera,Psephenidae,Psephenus,,4,ref_up
467,2014,T6,September,LS,LSU,Ephemeroptera,Heptageniidae,Stenacron,,1,ref_up
468,2014,T6,September,LS,LSU,Ephemeroptera,Heptageniidae,,,2,ref_up
469,2014,T6,September,LS,LSU,Trichoptera,Hydropsychidae,,,3,ref_up
470,2014,T6,September,LS,LSU,Plecoptera,Perlidae,,,1,ref_up
471,2014,T6,September,LS,LSU,Trichoptera,Philopotamidae,,,1,ref_up
472,2014,T6,September,LS,LSU,Coleoptera,Psephenidae,,,2,ref_up
473,2014,T6,September,LS,LSU,Diptera,Tipulidae,,,2,ref_up
1125,2015,T10,July,LS,LSU,Plecoptera,Perlidae,Acroneuria,,2,ref_up
1126,2015,T10,July,LS,LSU,Plecoptera,Perlidae,Agnetina,,2,ref_up
1127,2015,T10,July,LS,LSU,Trichoptera,Hydropsychidae,Hydropsyche,,5,ref_up
1128,2015,T10,July,LS,LSU,Diptera,Tipulidae,Hexatoma,,4,ref_up
1129,2015,T10,July,LS,LSU,Trichoptera,Hydropsychidae,Hydropsyche,,7,ref_up
1130,2015,T10,July,LS,LSU,Coleoptera,Psephenidae,Psephenus,,2,ref_up
1131,2015,T11,August,LS,LSU,Plecoptera,Perlidae,Agnetina,,2,ref_up
1132,2015,T11,August,LS,LSU,Diptera,Tipulidae,Antocha,,1,ref_up
1133,2015,T11,August,LS,LSU,Diptera,Athericidae,Atherix,,2,ref_up
1134,2015,T11,August,LS,LSU,Trichoptera,Hydropsychidae,Hydropsyche,,6,ref_up
1135,2015,T11,August,LS,LSU,Ephemeroptera,Heptageniidae,Epeorus,,1,ref_up
1136,2015,T11,August,LS,LSU,Diptera,Tipulidae,Hexatoma,,1,ref_up
1137,2015,T11,August,LS,LSU,Trichoptera,Hydropsychidae,Hydropsyche,,16,ref_up
1138,2015,T11,August,LS,LSU,Ephemeroptera,Isonychiidae,Isonychia,,1,ref_up
1139,2015,T11,August,LS,LSU,Plecoptera,Perlidae,Neoperla,,1,ref_up
1140,2015,T11,August,LS,LSU,Coleoptera,Psephenidae,Psephenus,,8,ref_up
1141,2015,T11,August,LS,LSU,Ephemeroptera,Heptageniidae,Stenonema,fematoratum,7,ref_up
1142,2015,T11,August,LS,LSU,Diptera,Chironomidae,,,2,ref_up
1143,2015,T7,April,LS,LSU,Trichoptera,Hydropsychidae,Hydropsyche,,2,ref_up
1144,2015,T7,April,LS,LSU,Ephemeroptera,Heptageniidae,Epeorus,,2,ref_up
1145,2015,T7,April,LS,LSU,Ephemeroptera,Ephemeridae,Ephemera,,1,ref_up
1146,2015,T7,April,LS,LSU,Ephemeroptera,Ephemerellidae,Ephemerella,,8,ref_up
1147,2015,T7,April,LS,LSU,Odonata,Gomphidae,Erpetogomphus,,1,ref_up
1148,2015,T7,April,LS,LSU,Trichoptera,Hydropsychidae,Hydropsyche,,5,ref_up
1149,2015,T7,April,LS,LSU,Ephemeroptera,Isonychiidae,Isonychia,,4,ref_up
1150,2015,T7,April,LS,LSU,Plecoptera,Perlodidae,Isoperla,,16,ref_up
1151,2015,T7,April,LS,LSU,Ephemeroptera,Heptageniidae,Maccaffertium,,1,ref_up
1152,2015,T7,April,LS,LSU,Plecoptera,Perlidae,Neoperla,,1,ref_up
1153,2015,T7,April,LS,LSU,Trichoptera,Uenoidae,Neophylax,,1,ref_up
1154,2015,T7,April,LS,LSU,Plecoptera,Taeniopterygidae,Oemopteryx,,3,ref_up
1155,2015,T7,April,LS,LSU,Ephemeroptera,Leptophlebiidae,Paraleptophlebia,,1,ref_up
1156,2015,T7,April,LS,LSU,Ephemeroptera,Baetidae,Plauditus,,1,ref_up
1157,2015,T7,April,LS,LSU,Coleoptera,Psephenidae,Psephenus,,1,ref_up
1158,2015,T7,April,LS,LSU,Ephemeroptera,Heptageniidae,Stenacron,,2,ref_up
1159,2015,T7,April,LS,LSU,Diptera,Tipulidae,Tipula,,1,ref_up
1160,2015,T7,April,LS,LSU,Diptera,Chironomidae,,,2,ref_up
1161,2015,T8,May,LS,LSU,Trichoptera,Hydropsychidae,Hydropsyche,,1,ref_up
1162,2015,T8,May,LS,LSU,Ephemeroptera,Ephemerellidae,Ephemerella,,2,ref_up
1163,2015,T8,May,LS,LSU,Trichoptera,Hydropsychidae,Hydropsyche,,2,ref_up
1164,2015,T8,May,LS,LSU,Ephemeroptera,Isonychiidae,Isonychia,,2,ref_up
1165,2015,T8,May,LS,LSU,Trichoptera,Uenoidae,Neophylax,,1,ref_up
1166,2015,T8,May,LS,LSU,Diptera,Chironomidae,,,3,ref_up
1167,2015,T8,May,LS,LSU,Ephemeroptera,Heptageniidae,,,8,ref_up
1168,2015,T8,May,LS,LSU,Plecoptera,Perlidae,,,2,ref_up
1169,2015,T9,June,LS,LSU,Plecoptera,Perlidae,Acroneuria,,3,ref_up
1170,2015,T9,June,LS,LSU,Trichoptera,Hydropsychidae,Hydropsyche,,47,ref_up
1171,2015,T9,June,LS,LSU,Ephemeroptera,Ephemerellidae,Ephemerella,,2,ref_up
1172,2015,T9,June,LS,LSU,Ephemeroptera,Baetidae,Fallceon,,1,ref_up
1173,2015,T9,June,LS,LSU,Diptera,Tipulidae,Hexatoma,,9,ref_up
1174,2015,T9,June,LS,LSU,Trichoptera,Hydropsychidae,Hydropsyche,,34,ref_up
1175,2015,T9,June,LS,LSU,Ephemeroptera,Isonychiidae,Isonychia,,1,ref_up
1176,2015,T9,June,LS,LSU,Plecoptera,Perlidae,Neoperla,,5,ref_up
1177,2015,T9,June,LS,LSU,Trichoptera,Uenoidae,Neophylax,,1,ref_up
1178,2015,T9,June,LS,LSU,Megaloptera,Corydalidae,Nigronia,serricornis,1,ref_up
1179,2015,T9,June,LS,LSU,Ephemeroptera,Leptophlebiidae,Paraleptophlebia,,1,ref_up
1180,2015,T9,June,LS,LSU,Coleoptera,Psephenidae,Psephenus,,5,ref_up
1181,2015,T9,June,LS,LSU,Ephemeroptera,Heptageniidae,Stenacron,,11,ref_up
1182,2015,T9,June,LS,LSU,Coleoptera,Elmidae,Stenelmis,,4,ref_up
1183,2015,T9,June,LS,LSU,Diptera,Tipulidae,Tipula,,1,ref_up
1184,2015,T9,June,LS,LSU,Trichoptera,Philopotamidae,Wormaldia,,6,ref_up
1185,2015,T9,June,LS,LSU,Diptera,Chironomidae,,,23,ref_up
1186,2015,T9,June,LS,LSU,Diptera,Dolichopodidae,,,1,ref_up
474,2014,T1,April,PC,PCD,Ephemeroptera,Baetidae,,,1,urban
475,2014,T1,April,PC,PCD,Ephemeroptera,Heptageniidae,,,1,urban
476,2014,T1,April,PC,PCD,Ephemeroptera,Heptageniidae,,,1,urban
477,2014,T1,April,PC,PCD,Trichoptera,Hydropsychidae,,,3,urban
478,2014,T1,April,PC,PCD,Plecoptera,Taeniopterygidae,,,1,urban
479,2014,T1,April,PC,PCD,Plecoptera,Taeniopterygidae,,,4,urban
480,2014,T1,April,PC,PCD,Diptera,Tipulidae,,,2,urban
481,2014,T1,April,PC,PCD,Trichoptera,Uenoidae,,,1,urban
482,2014,T2,May,PC,PCD,Trichoptera,Hydropsychidae,Hydropsyche,,1,urban
483,2014,T2,May,PC,PCD,Ephemeroptera,Heptageniidae,Maccaffertium,,1,urban
484,2014,T2,May,PC,PCD,Diptera,Chironomidae,,,2,urban
485,2014,T2,May,PC,PCD,Plecoptera,Chloroperlidae,,,1,urban
486,2014,T2,May,PC,PCD,Trichoptera,Hydropsychidae,,,1,urban
487,2014,T2,May,PC,PCD,Trichoptera,Philopotamidae,,,1,urban
488,2014,T3,June,PC,PCD,Ephemeroptera,Baetidae,,,1,urban
489,2014,T3,June,PC,PCD,Diptera,Chironomidae,,,4,urban
490,2014,T3,June,PC,PCD,Ephemeroptera,Heptageniidae,,,1,urban
491,2014,T3,June,PC,PCD,Trichoptera,Hydropsychidae,,,1,urban
492,2014,T3,June,PC,PCD,Diptera,Tipulidae,,,1,urban
493,2014,T4,July,PC,PCD,Trichoptera,Hydropsychidae,Hydropsyche,,2,urban
494,2014,T4,July,PC,PCD,Trichoptera,Hydropsychidae,Hydropsyche,,3,urban
495,2014,T4,July,PC,PCD,Diptera,Tipulidae,Tipula,,1,urban
496,2014,T4,July,PC,PCD,Coleoptera,Dytiscidae,Uvarus,,2,urban
497,2014,T4,July,PC,PCD,Coleoptera,Dytiscidae,,,1,urban
498,2014,T4,July,PC,PCD,Coleoptera,Haliplidae,,,1,urban
499,2014,T4,July,PC,PCD,Ephemeroptera,Heptageniidae,,,1,urban
500,2014,T4,July,PC,PCD,Trichoptera,Hydropsychidae,,,1,urban
501,2014,T4,July,PC,PCD,Coleoptera,Psephenidae,,,1,urban
502,2014,T4,July,PC,PCD,Diptera,Tipulidae,,,1,urban
503,2014,T5,August,PC,PCD,Trichoptera,Hydropsychidae,Hydropsyche,,1,urban
504,2014,T5,August,PC,PCD,Diptera,Tipulidae,Hexatoma,,1,urban
505,2014,T5,August,PC,PCD,Megaloptera,Sialidae,Sialis,,1,urban
506,2014,T5,August,PC,PCD,Diptera,Chironomidae,,,2,urban
507,2014,T5,August,PC,PCD,Coleoptera,Haliplidae,,,1,urban
508,2014,T5,August,PC,PCD,Trichoptera,Hydropsychidae,,,1,urban
509,2014,T5,August,PC,PCD,Megaloptera,Sialidae,,,1,urban
1187,2015,T10,July,PC,PCD,Trichoptera,Hydropsychidae,Hydropsyche,,1,urban
1188,2015,T10,July,PC,PCD,Trichoptera,Glossosomatidae,Glossosoma,,1,urban
1189,2015,T10,July,PC,PCD,Coleoptera,Dryopidae,Helichus,,1,urban
1190,2015,T10,July,PC,PCD,Diptera,Tipulidae,Hexatoma,,1,urban
1191,2015,T10,July,PC,PCD,Trichoptera,Hydropsychidae,Hydropsyche,,1,urban
1192,2015,T10,July,PC,PCD,Coleoptera,Psephenidae,Psephenus,,5,urban
1193,2015,T10,July,PC,PCD,Ephemeroptera,Heptageniidae,Stenacron,,1,urban
1194,2015,T10,July,PC,PCD,Coleoptera,Elmidae,Stenelmis,,1,urban
1195,2015,T10,July,PC,PCD,Diptera,Chironomidae,,,5,urban
1196,2015,T11,August,PC,PCD,Trichoptera,Hydropsychidae,Hydropsyche,,3,urban
1197,2015,T11,August,PC,PCD,Coleoptera,Psephenidae,Psephenus,,1,urban
1198,2015,T11,August,PC,PCD,Diptera,Chironomidae,,,4,urban
1199,2015,T12,September,PC,PCD,Diptera,Athericidae,Atherix,,1,urban
1200,2015,T12,September,PC,PCD,Trichoptera,Philopotamidae,Chimarra,,2,urban
1201,2015,T12,September,PC,PCD,Trichoptera,Hydropsychidae,Hydropsyche,,4,urban
1202,2015,T12,September,PC,PCD,Trichoptera,Hydropsychidae,Hydropsyche,,4,urban
1203,2015,T12,September,PC,PCD,Odonata,Gomphidae,Lanthus,,2,urban
1204,2015,T12,September,PC,PCD,Ephemeroptera,Heptageniidae,Maccaffertium,,14,urban
1205,2015,T12,September,PC,PCD,Megaloptera,Corydalidae,Nigronia,serricornis,1,urban
1206,2015,T12,September,PC,PCD,Coleoptera,Psephenidae,Psephenus,,2,urban
1207,2015,T12,September,PC,PCD,Coleoptera,Psephenidae,Psephenus,,6,urban
1208,2015,T12,September,PC,PCD,Coleoptera,Elmidae,Stenelmis,,2,urban
1209,2015,T12,September,PC,PCD,Ephemeroptera,Heptageniidae,Stenonema,fematoratum,1,urban
1210,2015,T12,September,PC,PCD,Diptera,Tipulidae,Tipula,,1,urban
1211,2015,T7,April,PC,PCD,Ephemeroptera,Baetidae,Acerpenna,,1,urban
1212,2015,T7,April,PC,PCD,Trichoptera,Hydropsychidae,Hydropsyche,,12,urban
1213,2015,T7,April,PC,PCD,Ephemeroptera,Ephemerellidae,Ephemerella,,2,urban
1214,2015,T7,April,PC,PCD,Trichoptera,Hydropsychidae,Hydropsyche,,15,urban
1215,2015,T7,April,PC,PCD,Ephemeroptera,Isonychiidae,Isonychia,,1,urban
1216,2015,T7,April,PC,PCD,Plecoptera,Perlodidae,Isoperla,,8,urban
1217,2015,T7,April,PC,PCD,Coleoptera,Psephenidae,Psephenus,,4,urban
1218,2015,T7,April,PC,PCD,Coleoptera,Elmidae,Stenelmis,,1,urban
1219,2015,T7,April,PC,PCD,Plecoptera,Chloroperlidae,Sweltsa,,2,urban
1220,2015,T7,April,PC,PCD,Diptera,Tipulidae,Tipula,,9,urban
1221,2015,T7,April,PC,PCD,Diptera,Chironomidae,,,2,urban
1222,2015,T8,May,PC,PCD,Diptera,Chironomidae,,,2,urban
1223,2015,T9,June,PC,PCD,Trichoptera,Hydropsychidae,Hydropsyche,,3,urban
1224,2015,T9,June,PC,PCD,Diptera,Tipulidae,Hexatoma,,1,urban
1225,2015,T9,June,PC,PCD,Coleoptera,Hydrophilidae,Hydrophilus,,1,urban
1226,2015,T9,June,PC,PCD,Trichoptera,Hydropsychidae,Hydropsyche,,4,urban
1227,2015,T9,June,PC,PCD,Coleoptera,Psephenidae,Psephenus,,2,urban
1228,2015,T9,June,PC,PCD,Coleoptera,Elmidae,Stenelmis,,1,urban
1229,2015,T9,June,PC,PCD,Diptera,Tipulidae,Tipula,,2,urban
1230,2015,T9,June,PC,PCD,Diptera,Chironomidae,,,7,urban
510,2014,T1,April,PC,PCU,Ephemeroptera,Heptageniidae,Epeorus,,14,rural
511,2014,T1,April,PC,PCU,Ephemeroptera,Heptageniidae,Epeorus,,1,rural
512,2014,T1,April,PC,PCU,Diptera,Tipulidae,Tipula,,1,rural
513,2014,T1,April,PC,PCU,Ephemeroptera,Baetidae,,,3,rural
514,2014,T1,April,PC,PCU,Diptera,Ceratopogonidae,,,3,rural
515,2014,T1,April,PC,PCU,Diptera,Chironomidae,,,1,rural
516,2014,T1,April,PC,PCU,Plecoptera,Chloroperlidae,,,3,rural
517,2014,T1,April,PC,PCU,Trichoptera,Hydropsychidae,,,2,rural
518,2014,T1,April,PC,PCU,Plecoptera,Perlodidae,,,9,rural
519,2014,T1,April,PC,PCU,Plecoptera,Perlodidae,,,1,rural
520,2014,T1,April,PC,PCU,Trichoptera,Philopotamidae,,,1,rural
521,2014,T1,April,PC,PCU,Plecoptera,Taeniopterygidae,,,1,rural
522,2014,T1,April,PC,PCU,Trichoptera,Uenoidae,,,1,rural
523,2014,T2,May,PC,PCU,Ephemeroptera,Ameletidae,Ameletus,,4,rural
524,2014,T2,May,PC,PCU,Diptera,Tipulidae,Hexatoma,,1,rural
525,2014,T2,May,PC,PCU,Plecoptera,Chloroperlidae,Sweltsa,,7,rural
526,2014,T2,May,PC,PCU,Odonata,Aeshnidae,,,1,rural
527,2014,T2,May,PC,PCU,Ephemeroptera,Baetidae,,,3,rural
528,2014,T2,May,PC,PCU,Diptera,Chironomidae,,,13,rural
529,2014,T2,May,PC,PCU,Plecoptera,Chloroperlidae,,,5,rural
530,2014,T2,May,PC,PCU,Ephemeroptera,Heptageniidae,,,1,rural
531,2014,T2,May,PC,PCU,Ephemeroptera,Leptophlebiidae,,,1,rural
532,2014,T3,June,PC,PCU,Ephemeroptera,Baetidae,Baetis,,1,rural
533,2014,T3,June,PC,PCU,Trichoptera,Hydropsychidae,Hydropsyche,,4,rural
534,2014,T3,June,PC,PCU,Trichoptera,Hydropsychidae,Hydropsyche,,1,rural
535,2014,T3,June,PC,PCU,Ephemeroptera,Leptophlebiidae,Paraleptophlebia,,6,rural
536,2014,T3,June,PC,PCU,Ephemeroptera,Heptageniidae,Stenonema,fematoratum,2,rural
537,2014,T3,June,PC,PCU,Plecoptera,Chloroperlidae,Sweltsa,,1,rural
538,2014,T3,June,PC,PCU,Plecoptera,Chloroperlidae,,,1,rural
539,2014,T3,June,PC,PCU,Ephemeroptera,Heptageniidae,,,2,rural
540,2014,T3,June,PC,PCU,Ephemeroptera,Leptophlebiidae,,,3,rural
541,2014,T3,June,PC,PCU,Trichoptera,Philopotamidae,,,1,rural
542,2014,T3,June,PC,PCU,Diptera,Tipulidae,,,2,rural
543,2014,T4,July,PC,PCU,Trichoptera,Hydropsychidae,Hydropsyche,,1,rural
544,2014,T4,July,PC,PCU,Diptera,Tipulidae,Hexatoma,,1,rural
545,2014,T4,July,PC,PCU,Diptera,Tipulidae,Hexatoma,,2,rural
546,2014,T4,July,PC,PCU,Trichoptera,Hydropsychidae,Hydropsyche,,1,rural
547,2014,T4,July,PC,PCU,Ephemeroptera,Isonychiidae,Isonychia,,1,rural
548,2014,T4,July,PC,PCU,Ephemeroptera,Heptageniidae,Maccaffertium,,9,rural
549,2014,T4,July,PC,PCU,Ephemeroptera,Leptophlebiidae,Paraleptophlebia,,3,rural
550,2014,T4,July,PC,PCU,Ephemeroptera,Heptageniidae,,,1,rural
551,2014,T4,July,PC,PCU,Trichoptera,Hydropsychidae,,,2,rural
552,2014,T4,July,PC,PCU,Ephemeroptera,Leptophlebiidae,,,2,rural
553,2014,T4,July,PC,PCU,Plecoptera,Taeniopterygidae,,,1,rural
554,2014,T4,July,PC,PCU,Diptera,Tipulidae,,,3,rural
555,2014,T4,July,PC,PCU,Hemiptera,Veliidae,,,1,rural
556,2014,T5,August,PC,PCU,Plecoptera,Perlodidae,Isoperla,,1,rural
557,2014,T5,August,PC,PCU,Diptera,Tipulidae,Tipula,,2,rural
558,2014,T5,August,PC,PCU,Trichoptera,Hydropsychidae,,,5,rural
559,2014,T5,August,PC,PCU,Plecoptera,Perlidae,,,1,rural
560,2014,T5,August,PC,PCU,Diptera,Tipulidae,,,2,rural
561,2014,T6,September,PC,PCU,Odonata,Gomphidae,Erpetogomphus,,2,rural
562,2014,T6,September,PC,PCU,Diptera,Tipulidae,Hexatoma,,3,rural
563,2014,T6,September,PC,PCU,Trichoptera,Hydropsychidae,Hydropsyche,,5,rural
564,2014,T6,September,PC,PCU,Trichoptera,Hydropsychidae,,,2,rural
565,2014,T6,September,PC,PCU,Plecoptera,Perlidae,,,1,rural
566,2014,T6,September,PC,PCU,Diptera,Tipulidae,,,2,rural
567,2014,T6,September,PC,PCU,Hemiptera,Veliidae,,,1,rural
1231,2015,T10,July,PC,PCU,Trichoptera,Glossosomatidae,Glossosoma,,1,rural
1232,2015,T10,July,PC,PCU,Diptera,Tipulidae,Hexatoma,,2,rural
1233,2015,T10,July,PC,PCU,Ephemeroptera,Heptageniidae,Stenacron,,2,rural
1234,2015,T10,July,PC,PCU,Plecoptera,Chloroperlidae,Sweltsa,,1,rural
1235,2015,T10,July,PC,PCU,Diptera,Chironomidae,,,1,rural
1236,2015,T11,August,PC,PCU,Diptera,Tipulidae,Hexatoma,,4,rural
1237,2015,T11,August,PC,PCU,Plecoptera,Leuctridae,Leuctra,,1,rural
1238,2015,T11,August,PC,PCU,Plecoptera,Perlidae,Neoperla,,1,rural
1239,2015,T11,August,PC,PCU,Ephemeroptera,Heptageniidae,Stenacron,,1,rural
1240,2015,T12,September,PC,PCU,Ephemeroptera,Ameletidae,Ameletus,,1,rural
1241,2015,T12,September,PC,PCU,Trichoptera,Philopotamidae,Dolophilodes,,1,rural
1242,2015,T12,September,PC,PCU,Diptera,Empididae,Hemerodromia,,1,rural
1243,2015,T12,September,PC,PCU,Diptera,Tipulidae,Hexatoma,,7,rural
1244,2015,T12,September,PC,PCU,Trichoptera,Hydropsychidae,Hydropsyche,,2,rural
1245,2015,T12,September,PC,PCU,Ephemeroptera,Heptageniidae,Maccaffertium,,7,rural
1246,2015,T12,September,PC,PCU,Coleoptera,Psephenidae,Psephenus,,1,rural
1247,2015,T12,September,PC,PCU,Hemiptera,Veliidae,Rhagovelia,,2,rural
1248,2015,T12,September,PC,PCU,Ephemeroptera,Heptageniidae,Stenacron,,7,rural
1249,2015,T12,September,PC,PCU,Coleoptera,Elmidae,Stenelmis,,1,rural
1250,2015,T12,September,PC,PCU,Diptera,Tipulidae,Tipula,,1,rural
1251,2015,T12,September,PC,PCU,Diptera,Chironomidae,,,1,rural
1252,2015,T7,April,PC,PCU,Diptera,Tipulidae,Hexatoma,,3,rural
1253,2015,T7,April,PC,PCU,Plecoptera,Perlodidae,Isoperla,,2,rural
1254,2015,T7,April,PC,PCU,Ephemeroptera,Leptophlebiidae,Paraleptophlebia,,1,rural
1255,2015,T7,April,PC,PCU,Plecoptera,Chloroperlidae,Sweltsa,,1,rural
1256,2015,T7,April,PC,PCU,Diptera,Tipulidae,Tipula,,2,rural
1257,2015,T8,May,PC,PCU,Diptera,Tipulidae,Antocha,,1,rural
1258,2015,T8,May,PC,PCU,Plecoptera,Perlodidae,Clioperla,clio,1,rural
1259,2015,T8,May,PC,PCU,Ephemeroptera,Heptageniidae,Epeorus,,1,rural
1260,2015,T8,May,PC,PCU,Ephemeroptera,Ephemerellidae,Ephemerella,,2,rural
1261,2015,T8,May,PC,PCU,Ephemeroptera,Baetidae,Fallceon,,3,rural
1262,2015,T8,May,PC,PCU,Diptera,Tipulidae,Hexatoma,,13,rural
1263,2015,T8,May,PC,PCU,Plecoptera,Perlodidae,Isoperla,,7,rural
1264,2015,T8,May,PC,PCU,Plecoptera,Leuctridae,Paraleuctra,,1,rural
1265,2015,T8,May,PC,PCU,Coleoptera,Psephenidae,Psephenus,,1,rural
1266,2015,T8,May,PC,PCU,Diptera,Tipulidae,Tipula,,1,rural
1267,2015,T8,May,PC,PCU,Diptera,Chironomidae,,,4,rural
1268,2015,T9,June,PC,PCU,Ephemeroptera,Baetidae,Baetis,,1,rural
1269,2015,T9,June,PC,PCU,Trichoptera,Hydropsychidae,Hydropsyche,,2,rural
1270,2015,T9,June,PC,PCU,Trichoptera,Philopotamidae,Dolophilodes,,1,rural
1271,2015,T9,June,PC,PCU,Diptera,Simuliidae,Ectemnia,,2,rural
1272,2015,T9,June,PC,PCU,Ephemeroptera,Heptageniidae,Epeorus,,1,rural
1273,2015,T9,June,PC,PCU,Diptera,Tipulidae,Hexatoma,,16,rural
1274,2015,T9,June,PC,PCU,Ephemeroptera,Isonychiidae,Isonychia,,1,rural
1275,2015,T9,June,PC,PCU,Ephemeroptera,Heptageniidae,Maccaffertium,,2,rural
1276,2015,T9,June,PC,PCU,Ephemeroptera,Leptophlebiidae,Paraleptophlebia,,15,rural
1277,2015,T9,June,PC,PCU,Coleoptera,Psephenidae,Psephenus,,7,rural
1278,2015,T9,June,PC,PCU,Ephemeroptera,Heptageniidae,Stenacron,,5,rural
1279,2015,T9,June,PC,PCU,Ephemeroptera,Heptageniidae,Stenonema,fematoratum,17,rural
1280,2015,T9,June,PC,PCU,Plecoptera,Chloroperlidae,Sweltsa,,13,rural
1281,2015,T9,June,PC,PCU,Diptera,Chironomidae,,,2,rural
568,2014,T1,April,PT,PTD,Trichoptera,Hydropsychidae,,,1,urban
569,2014,T2,May,PT,PTD,Diptera,Tipulidae,Tipula,,1,urban
570,2014,T2,May,PT,PTD,Diptera,Chironomidae,,,1,urban
571,2014,T3,June,PT,PTD,Diptera,Chironomidae,,,14,urban
572,2014,T4,July,PT,PTD,Diptera,Tipulidae,Limonia,,1,urban
573,2014,T4,July,PT,PTD,Diptera,Tipulidae,Tipula,,3,urban
574,2014,T4,July,PT,PTD,Coleoptera,Dytiscidae,,,1,urban
575,2014,T6,September,PT,PTD,Trichoptera,Hydropsychidae,Hydropsyche,,1,urban
576,2014,T6,September,PT,PTD,Ephemeroptera,Heptageniidae,Maccaffertium,,1,urban
1282,2015,T10,July,PT,PTD,Plecoptera,Perlidae,Acroneuria,,3,urban
1283,2015,T10,July,PT,PTD,Trichoptera,Hydropsychidae,Hydropsyche,,1,urban
1284,2015,T10,July,PT,PTD,Trichoptera,Hydropsychidae,Hydropsyche,,1,urban
1285,2015,T10,July,PT,PTD,Ephemeroptera,Leptophlebiidae,Paraleptophlebia,,2,urban
1286,2015,T10,July,PT,PTD,Plecoptera,Chloroperlidae,Sweltsa,,1,urban
1287,2015,T10,July,PT,PTD,Diptera,Chironomidae,,,1,urban
1288,2015,T11,August,PT,PTD,Trichoptera,Philopotamidae,Chimarra,,1,urban
1289,2015,T11,August,PT,PTD,Trichoptera,Hydropsychidae,Hydropsyche,,2,urban
1290,2015,T11,August,PT,PTD,Megaloptera,Corydalidae,Nigronia,serricornis,1,urban
1291,2015,T12,September,PT,PTD,Trichoptera,Hydropsychidae,Hydropsyche,,2,urban
1292,2015,T12,September,PT,PTD,Trichoptera,Hydropsychidae,Hydropsyche,,14,urban
1293,2015,T12,September,PT,PTD,Diptera,Tipulidae,Tipula,,6,urban
1294,2015,T12,September,PT,PTD,Diptera,Chironomidae,,,4,urban
1295,2015,T8,May,PT,PTD,Trichoptera,Philopotamidae,Dolophilodes,,1,urban
1296,2015,T8,May,PT,PTD,Coleoptera,Elmidae,Stenelmis,,1,urban
1297,2015,T8,May,PT,PTD,Ephemeroptera,Baetidae,,,2,urban
1298,2015,T8,May,PT,PTD,Diptera,Chironomidae,,,8,urban
577,2014,T1,April,PT,PTU,Diptera,Tipulidae,Hexatoma,,2,rural
578,2014,T1,April,PT,PTU,Ephemeroptera,Baetidae,,,1,rural
579,2014,T1,April,PT,PTU,Diptera,Ceratopogonidae,,,2,rural
580,2014,T1,April,PT,PTU,Diptera,Chironomidae,,,2,rural
581,2014,T1,April,PT,PTU,Diptera,Chironomidae,,,1,rural
582,2014,T1,April,PT,PTU,Plecoptera,Chloroperlidae,,,17,rural
583,2014,T1,April,PT,PTU,Plecoptera,Chloroperlidae,,,1,rural
584,2014,T1,April,PT,PTU,Ephemeroptera,Ephemerellidae,,,6,rural
585,2014,T1,April,PT,PTU,Ephemeroptera,Ephemerellidae,,,2,rural
586,2014,T1,April,PT,PTU,Ephemeroptera,Heptageniidae,,,3,rural
587,2014,T1,April,PT,PTU,Ephemeroptera,Heptageniidae,,,11,rural
588,2014,T1,April,PT,PTU,Trichoptera,Hydropsychidae,,,8,rural
589,2014,T1,April,PT,PTU,Plecoptera,Perlidae,,,1,rural
590,2014,T1,April,PT,PTU,Plecoptera,Perlodidae,,,6,rural
591,2014,T1,April,PT,PTU,Trichoptera,Philopotamidae,,,2,rural
592,2014,T1,April,PT,PTU,Diptera,Simuliidae,,,7,rural
593,2014,T1,April,PT,PTU,Diptera,Simuliidae,,,9,rural
594,2014,T1,April,PT,PTU,Plecoptera,Taeniopterygidae,,,4,rural
595,2014,T1,April,PT,PTU,Plecoptera,Taeniopterygidae,,,2,rural
596,2014,T1,April,PT,PTU,Trichoptera,Uenoidae,,,2,rural
597,2014,T2,May,PT,PTU,Plecoptera,Perlidae,Acroneuria,,1,rural
598,2014,T2,May,PT,PTU,Ephemeroptera,Baetidae,Baetis,,1,rural
599,2014,T2,May,PT,PTU,Ephemeroptera,Heptageniidae,Epeorus,,2,rural
600,2014,T2,May,PT,PTU,Ephemeroptera,Heptageniidae,Epeorus,,3,rural
601,2014,T2,May,PT,PTU,Ephemeroptera,Heptageniidae,Epeorus,,3,rural
602,2014,T2,May,PT,PTU,Ephemeroptera,Ephemerellidae,Ephemerella,,8,rural
603,2014,T2,May,PT,PTU,Diptera,Tipulidae,Hexatoma,,2,rural
604,2014,T2,May,PT,PTU,Diptera,Tipulidae,Hexatoma,,3,rural
605,2014,T2,May,PT,PTU,Trichoptera,Hydropsychidae,Hydropsyche,,2,rural
606,2014,T2,May,PT,PTU,Plecoptera,Perlodidae,Isoperla,,7,rural
607,2014,T2,May,PT,PTU,Plecoptera,Perlodidae,Isoperla,,6,rural
608,2014,T2,May,PT,PTU,Trichoptera,Uenoidae,Neophylax,,1,rural
609,2014,T2,May,PT,PTU,Ephemeroptera,Heptageniidae,Nixe,,2,rural
610,2014,T2,May,PT,PTU,Plecoptera,Taeniopterygidae,Oemopteryx,,3,rural
611,2014,T2,May,PT,PTU,Ephemeroptera,Heptageniidae,Stenacron,,1,rural
612,2014,T2,May,PT,PTU,Plecoptera,Chloroperlidae,Sweltsa,,13,rural
613,2014,T2,May,PT,PTU,Plecoptera,Chloroperlidae,Sweltsa,,1,rural
614,2014,T2,May,PT,PTU,Diptera,Chironomidae,,,3,rural
615,2014,T2,May,PT,PTU,Plecoptera,Chloroperlidae,,,4,rural
616,2014,T2,May,PT,PTU,Ephemeroptera,Ephemerellidae,,,5,rural
617,2014,T2,May,PT,PTU,Trichoptera,Hydropsychidae,,,3,rural
618,2014,T2,May,PT,PTU,Ephemeroptera,Leptophlebiidae,,,1,rural
619,2014,T2,May,PT,PTU,Plecoptera,Perlidae,,,3,rural
620,2014,T2,May,PT,PTU,Plecoptera,Perlodidae,,,3,rural
621,2014,T2,May,PT,PTU,Diptera,Simuliidae,,,1,rural
622,2014,T2,May,PT,PTU,Trichoptera,Uenoidae,,,3,rural
623,2014,T3,June,PT,PTU,Trichoptera,Philopotamidae,Dolophilodes,,1,rural
624,2014,T3,June,PT,PTU,Ephemeroptera,Heptageniidae,Epeorus,,1,rural
625,2014,T3,June,PT,PTU,Ephemeroptera,Ephemerellidae,Eurylophella,,1,rural
626,2014,T3,June,PT,PTU,Diptera,Tipulidae,Hexatoma,,3,rural
627,2014,T3,June,PT,PTU,Trichoptera,Hydropsychidae,Hydropsyche,,3,rural
628,2014,T3,June,PT,PTU,Ephemeroptera,Leptophlebiidae,Paraleptophlebia,,13,rural
629,2014,T3,June,PT,PTU,Ephemeroptera,Heptageniidae,Stenacron,,4,rural
630,2014,T3,June,PT,PTU,Plecoptera,Chloroperlidae,,,8,rural
631,2014,T3,June,PT,PTU,Coleoptera,Dytiscidae,,,1,rural
632,2014,T3,June,PT,PTU,Ephemeroptera,Ephemerellidae,,,1,rural
633,2014,T3,June,PT,PTU,Ephemeroptera,Heptageniidae,,,2,rural
634,2014,T3,June,PT,PTU,Trichoptera,Hydropsychidae,,,1,rural
635,2014,T3,June,PT,PTU,Ephemeroptera,Leptophlebiidae,,,3,rural
636,2014,T3,June,PT,PTU,Plecoptera,Perlodidae,,,3,rural
637,2014,T3,June,PT,PTU,Trichoptera,Philopotamidae,,,1,rural
638,2014,T3,June,PT,PTU,Diptera,Tipulidae,,,2,rural
639,2014,T4,July,PT,PTU,Diptera,Tipulidae,Hexatoma,,1,rural
640,2014,T4,July,PT,PTU,Megaloptera,Corydalidae,Nigronia,serricornis,2,rural
641,2014,T4,July,PT,PTU,Ephemeroptera,Heptageniidae,Stenacron,,14,rural
642,2014,T4,July,PT,PTU,Ephemeroptera,Heptageniidae,Stenacron,,2,rural
643,2014,T4,July,PT,PTU,Megaloptera,Corydalidae,,,2,rural
644,2014,T4,July,PT,PTU,Coleoptera,Dytiscidae,,,1,rural
645,2014,T4,July,PT,PTU,Odonata,Gomphidae,,,1,rural
646,2014,T4,July,PT,PTU,Ephemeroptera,Heptageniidae,,,4,rural
647,2014,T4,July,PT,PTU,Trichoptera,Hydropsychidae,,,1,rural
648,2014,T4,July,PT,PTU,Plecoptera,Perlidae,,,3,rural
649,2014,T4,July,PT,PTU,Diptera,Tipulidae,,,2,rural
650,2014,T5,August,PT,PTU,Plecoptera,Perlidae,Acroneuria,,1,rural
651,2014,T5,August,PT,PTU,Diptera,Tipulidae,Hexatoma,,1,rural
652,2014,T5,August,PT,PTU,Ephemeroptera,Heptageniidae,Maccaffertium,,1,rural
653,2014,T5,August,PT,PTU,Hemiptera,Veliidae,Microvelia,,2,rural
654,2014,T5,August,PT,PTU,Ephemeroptera,Heptageniidae,Stenonema,fematoratum,1,rural
655,2014,T5,August,PT,PTU,Plecoptera,Chloroperlidae,Sweltsa,,2,rural
656,2014,T5,August,PT,PTU,Plecoptera,Perlidae,,,1,rural
657,2014,T5,August,PT,PTU,Diptera,Tipulidae,,,1,rural
658,2014,T6,September,PT,PTU,Plecoptera,Perlidae,Acroneuria,,1,rural
659,2014,T6,September,PT,PTU,Plecoptera,Perlidae,Acroneuria,,1,rural
660,2014,T6,September,PT,PTU,Ephemeroptera,Baetidae,Baetis,,1,rural
661,2014,T6,September,PT,PTU,Trichoptera,Hydropsychidae,Hydropsyche,,1,rural
662,2014,T6,September,PT,PTU,Trichoptera,Philopotamidae,Dolophilodes,,1,rural
663,2014,T6,September,PT,PTU,Diptera,Tipulidae,Hexatoma,,3,rural
664,2014,T6,September,PT,PTU,Trichoptera,Hydropsychidae,Hydropsyche,,6,rural
665,2014,T6,September,PT,PTU,Ephemeroptera,Isonychiidae,Isonychia,,1,rural
666,2014,T6,September,PT,PTU,Hemiptera,Veliidae,Microvelia,,1,rural
667,2014,T6,September,PT,PTU,Plecoptera,Chloroperlidae,Sweltsa,,1,rural
668,2014,T6,September,PT,PTU,Ephemeroptera,Heptageniidae,,,1,rural
669,2014,T6,September,PT,PTU,Ephemeroptera,Heptageniidae,,,2,rural
670,2014,T6,September,PT,PTU,Trichoptera,Hydropsychidae,,,2,rural
671,2014,T6,September,PT,PTU,Plecoptera,Perlidae,,,1,rural
672,2014,T6,September,PT,PTU,Diptera,Tipulidae,,,1,rural
1299,2015,T11,August,PT,PTU,Plecoptera,Perlidae,Acroneuria,,4,rural
1300,2015,T11,August,PT,PTU,Diptera,Tipulidae,Hexatoma,,2,rural
1301,2015,T11,August,PT,PTU,Trichoptera,Hydropsychidae,Hydropsyche,,1,rural
1302,2015,T11,August,PT,PTU,Ephemeroptera,Isonychiidae,Isonychia,,1,rural
1303,2015,T11,August,PT,PTU,Ephemeroptera,Heptageniidae,Maccaffertium,,1,rural
1304,2015,T12,September,PT,PTU,Ephemeroptera,Ephemerellidae,Ephemerella,,1,rural
1305,2015,T12,September,PT,PTU,Coleoptera,Hydrophilidae,Helocombus,bifidus,1,rural
1306,2015,T12,September,PT,PTU,Ephemeroptera,Heptageniidae,Maccaffertium,,2,rural
1307,2015,T12,September,PT,PTU,Ephemeroptera,Heptageniidae,Stenacron,,1,rural
1308,2015,T7,April,PT,PTU,Plecoptera,Perlidae,Acroneuria,,5,rural
1309,2015,T7,April,PT,PTU,Ephemeroptera,Heptageniidae,Epeorus,,1,rural
1310,2015,T7,April,PT,PTU,Ephemeroptera,Ephemerellidae,Ephemerella,,1,rural
1311,2015,T7,April,PT,PTU,Diptera,Tipulidae,Hexatoma,,5,rural
1312,2015,T7,April,PT,PTU,Trichoptera,Hydropsychidae,Hydropsyche,,2,rural
1313,2015,T7,April,PT,PTU,Ephemeroptera,Heptageniidae,Maccaffertium,,1,rural
1314,2015,T7,April,PT,PTU,Plecoptera,Taeniopterygidae,Oemopteryx,,1,rural
1315,2015,T7,April,PT,PTU,Ephemeroptera,Leptophlebiidae,Paraleptophlebia,,5,rural
1316,2015,T7,April,PT,PTU,Plecoptera,Chloroperlidae,Sweltsa,,4,rural
1317,2015,T7,April,PT,PTU,Diptera,Tipulidae,Tipula,,1,rural
1318,2015,T8,May,PT,PTU,Plecoptera,Perlidae,Acroneuria,,1,rural
1319,2015,T8,May,PT,PTU,Trichoptera,Hydropsychidae,Hydropsyche,,1,rural
1320,2015,T8,May,PT,PTU,Ephemeroptera,Ephemerellidae,Ephemerella,,6,rural
1321,2015,T8,May,PT,PTU,Diptera,Tipulidae,Hexatoma,,1,rural
1322,2015,T8,May,PT,PTU,Trichoptera,Hydropsychidae,Hydropsyche,,3,rural
1323,2015,T8,May,PT,PTU,Plecoptera,Perlodidae,Isoperla,,13,rural
1324,2015,T8,May,PT,PTU,Ephemeroptera,Heptageniidae,Leucrocuta,,5,rural
1325,2015,T8,May,PT,PTU,Ephemeroptera,Heptageniidae,Maccaffertium,,4,rural
1326,2015,T8,May,PT,PTU,Megaloptera,Corydalidae,Nigronia,serricornis,1,rural
1327,2015,T8,May,PT,PTU,Plecoptera,Leuctridae,Paraleuctra,,1,rural
1328,2015,T8,May,PT,PTU,Ephemeroptera,Heptageniidae,Stenacron,,3,rural
1329,2015,T8,May,PT,PTU,Plecoptera,Chloroperlidae,Sweltsa,,8,rural
1330,2015,T8,May,PT,PTU,Diptera,Chironomidae,,,4,rural
1331,2015,T9,June,PT,PTU,Plecoptera,Perlidae,Acroneuria,,9,rural
1332,2015,T9,June,PT,PTU,Diptera,Tipulidae,Hexatoma,,1,rural
1333,2015,T9,June,PT,PTU,Odonata,Gomphidae,Lanthus,,1,rural
1334,2015,T9,June,PT,PTU,Diptera,Chironomidae,,,1,rural
673,2014,T1,April,TB,TBD,Ephemeroptera,Ephemerellidae,,,3,ref_down
674,2014,T1,April,TB,TBD,Ephemeroptera,Heptageniidae,,,2,ref_down
675,2014,T1,April,TB,TBD,Plecoptera,Taeniopterygidae,,,1,ref_down
676,2014,T1,April,TB,TBD,Plecoptera,Taeniopterygidae,,,13,ref_down
677,2014,T1,April,TB,TBD,Trichoptera,Uenoidae,,,1,ref_down
678,2014,T2,May,TB,TBD,Ephemeroptera,Heptageniidae,Epeorus,,1,ref_down
679,2014,T2,May,TB,TBD,Ephemeroptera,Ephemerellidae,Ephemerella,,4,ref_down
680,2014,T2,May,TB,TBD,Diptera,Tipulidae,Hexatoma,,3,ref_down
681,2014,T2,May,TB,TBD,Plecoptera,Perlodidae,Isoperla,,5,ref_down
682,2014,T2,May,TB,TBD,Ephemeroptera,Heptageniidae,Maccaffertium,,1,ref_down
683,2014,T2,May,TB,TBD,Ephemeroptera,Leptophlebiidae,Paraleptophlebia,,1,ref_down
684,2014,T2,May,TB,TBD,Ephemeroptera,Baetidae,,,1,ref_down
685,2014,T2,May,TB,TBD,Diptera,Chironomidae,,,1,ref_down
686,2014,T2,May,TB,TBD,Plecoptera,Chloroperlidae,,,1,ref_down
687,2014,T2,May,TB,TBD,Coleoptera,Elmidae,,,1,ref_down
688,2014,T2,May,TB,TBD,Ephemeroptera,Ephemerellidae,,,2,ref_down
689,2014,T2,May,TB,TBD,Ephemeroptera,Heptageniidae,,,1,ref_down
690,2014,T2,May,TB,TBD,Trichoptera,Hydropsychidae,,,1,ref_down
691,2014,T2,May,TB,TBD,Ephemeroptera,Leptophlebiidae,,,1,ref_down
692,2014,T2,May,TB,TBD,Diptera,Tipulidae,,,2,ref_down
693,2014,T3,June,TB,TBD,Diptera,Athericidae,Atherix,,1,ref_down
694,2014,T3,June,TB,TBD,Ephemeroptera,Baetidae,Baetis,,1,ref_down
695,2014,T3,June,TB,TBD,Diptera,Tipulidae,Hexatoma,,5,ref_down
696,2014,T3,June,TB,TBD,Trichoptera,Hydropsychidae,Hydropsyche,,2,ref_down
697,2014,T3,June,TB,TBD,Ephemeroptera,Isonychiidae,Isonychia,,1,ref_down
698,2014,T3,June,TB,TBD,Ephemeroptera,Isonychiidae,Isonychia,,2,ref_down
699,2014,T3,June,TB,TBD,Ephemeroptera,Heptageniidae,Stenacron,,5,ref_down
700,2014,T3,June,TB,TBD,Plecoptera,Chloroperlidae,Sweltsa,,4,ref_down
701,2014,T3,June,TB,TBD,Plecoptera,Chloroperlidae,,,2,ref_down
702,2014,T3,June,TB,TBD,Ephemeroptera,Heptageniidae,,,1,ref_down
703,2014,T3,June,TB,TBD,Trichoptera,Hydropsychidae,,,1,ref_down
704,2014,T3,June,TB,TBD,Ephemeroptera,Leptophlebiidae,,,1,ref_down
705,2014,T3,June,TB,TBD,Diptera,Tipulidae,,,3,ref_down
706,2014,T4,July,TB,TBD,Diptera,Tipulidae,Hexatoma,,1,ref_down
707,2014,T4,July,TB,TBD,Diptera,Tipulidae,Hexatoma,,3,ref_down
708,2014,T4,July,TB,TBD,Megaloptera,Corydalidae,Nigronia,serricornis,1,ref_down
709,2014,T4,July,TB,TBD,Coleoptera,Psephenidae,Psephenus,,2,ref_down
710,2014,T4,July,TB,TBD,Hemiptera,Veliidae,Rhagovelia,,3,ref_down
711,2014,T4,July,TB,TBD,Odonata,Aeshnidae,,,1,ref_down
712,2014,T4,July,TB,TBD,Coleoptera,Dytiscidae,,,1,ref_down
713,2014,T4,July,TB,TBD,Ephemeroptera,Heptageniidae,,,3,ref_down
714,2014,T4,July,TB,TBD,Trichoptera,Hydropsychidae,,,1,ref_down
715,2014,T4,July,TB,TBD,Coleoptera,Psephenidae,,,2,ref_down
716,2014,T4,July,TB,TBD,Diptera,Tipulidae,,,3,ref_down
717,2014,T4,July,TB,TBD,Trichoptera,Uenoidae,,,1,ref_down
718,2014,T5,August,TB,TBD,Plecoptera,Perlidae,Acroneuria,,1,ref_down
719,2014,T5,August,TB,TBD,Trichoptera,Hydropsychidae,Hydropsyche,,1,ref_down
720,2014,T5,August,TB,TBD,Ephemeroptera,Isonychiidae,Isonychia,,1,ref_down
721,2014,T5,August,TB,TBD,Ephemeroptera,Isonychiidae,Isonychia,,2,ref_down
722,2014,T5,August,TB,TBD,Ephemeroptera,Heptageniidae,Leucrocuta,,1,ref_down
723,2014,T5,August,TB,TBD,Megaloptera,Corydalidae,Nigronia,serricornis,1,ref_down
724,2014,T5,August,TB,TBD,Coleoptera,Psephenidae,Psephenus,,2,ref_down
725,2014,T5,August,TB,TBD,Hemiptera,Veliidae,Rhagovelia,,3,ref_down
726,2014,T5,August,TB,TBD,Coleoptera,Elmidae,Stenelmis,,1,ref_down
727,2014,T5,August,TB,TBD,Odonata,Aeshnidae,,,1,ref_down
728,2014,T5,August,TB,TBD,Megaloptera,Corydalidae,,,1,ref_down
729,2014,T5,August,TB,TBD,Coleoptera,Haliplidae,,,1,ref_down
730,2014,T5,August,TB,TBD,Ephemeroptera,Heptageniidae,,,2,ref_down
731,2014,T5,August,TB,TBD,Plecoptera,Perlidae,,,1,ref_down
732,2014,T5,August,TB,TBD,Coleoptera,Psephenidae,,,2,ref_down
733,2014,T5,August,TB,TBD,Diptera,Tipulidae,,,2,ref_down
734,2014,T5,August,TB,TBD,Hemiptera,Veliidae,,,1,ref_down
735,2014,T6,September,TB,TBD,Plecoptera,Perlidae,Acroneuria,,1,ref_down
736,2014,T6,September,TB,TBD,Plecoptera,Perlidae,Agnetina,,1,ref_down
737,2014,T6,September,TB,TBD,Diptera,Tipulidae,Hexatoma,,6,ref_down
738,2014,T6,September,TB,TBD,Trichoptera,Hydropsychidae,Hydropsyche,,11,ref_down
739,2014,T6,September,TB,TBD,Ephemeroptera,Isonychiidae,Isonychia,,16,ref_down
740,2014,T6,September,TB,TBD,Ephemeroptera,Isonychiidae,Isonychia,,3,ref_down
741,2014,T6,September,TB,TBD,Ephemeroptera,Heptageniidae,Maccaffertium,,11,ref_down
742,2014,T6,September,TB,TBD,Megaloptera,Corydalidae,Nigronia,serricornis,1,ref_down
743,2014,T6,September,TB,TBD,Coleoptera,Psephenidae,Psephenus,,3,ref_down
744,2014,T6,September,TB,TBD,Hemiptera,Veliidae,Rhagovelia,,6,ref_down
745,2014,T6,September,TB,TBD,Coleoptera,Elmidae,Stenelmis,,1,ref_down
746,2014,T6,September,TB,TBD,Coleoptera,Dytiscidae,,,1,ref_down
747,2014,T6,September,TB,TBD,Odonata,Gomphidae,,,1,ref_down
748,2014,T6,September,TB,TBD,Ephemeroptera,Heptageniidae,,,3,ref_down
749,2014,T6,September,TB,TBD,Trichoptera,Hydropsychidae,,,3,ref_down
750,2014,T6,September,TB,TBD,Plecoptera,Perlidae,,,1,ref_down
751,2014,T6,September,TB,TBD,Coleoptera,Psephenidae,,,2,ref_down
752,2014,T6,September,TB,TBD,Diptera,Tipulidae,,,3,ref_down
753,2014,T6,September,TB,TBD,Hemiptera,Veliidae,,,1,ref_down
1335,2015,T10,July,TB,TBD,Plecoptera,Perlidae,Agnetina,,2,ref_down
1336,2015,T10,July,TB,TBD,Ephemeroptera,Ameletidae,Ameletus,,1,ref_down
1337,2015,T10,July,TB,TBD,Trichoptera,Hydropsychidae,Hydropsyche,,2,ref_down
1338,2015,T10,July,TB,TBD,Ephemeroptera,Heptageniidae,Epeorus,,1,ref_down
1339,2015,T10,July,TB,TBD,Trichoptera,Glossosomatidae,Glossosoma,,2,ref_down
1340,2015,T10,July,TB,TBD,Diptera,Tipulidae,Hexatoma,,6,ref_down
1341,2015,T10,July,TB,TBD,Trichoptera,Hydropsychidae,Hydropsyche,,5,ref_down
1342,2015,T10,July,TB,TBD,Coleoptera,Psephenidae,Psephenus,,6,ref_down
1343,2015,T10,July,TB,TBD,Ephemeroptera,Heptageniidae,Stenacron,,1,ref_down
1344,2015,T10,July,TB,TBD,Coleoptera,Elmidae,Stenelmis,,9,ref_down
1345,2015,T10,July,TB,TBD,Ephemeroptera,Heptageniidae,Stenonema,fematoratum,2,ref_down
1346,2015,T11,August,TB,TBD,Plecoptera,Perlidae,Agnetina,,3,ref_down
1347,2015,T11,August,TB,TBD,Ephemeroptera,Heptageniidae,Epeorus,,1,ref_down
1348,2015,T11,August,TB,TBD,Odonata,Gomphidae,Erpetogomphus,,1,ref_down
1349,2015,T11,August,TB,TBD,Diptera,Tipulidae,Hexatoma,,2,ref_down
1350,2015,T11,August,TB,TBD,Trichoptera,Hydropsychidae,Hydropsyche,,5,ref_down
1351,2015,T11,August,TB,TBD,Ephemeroptera,Heptageniidae,Maccaffertium,,6,ref_down
1352,2015,T11,August,TB,TBD,Coleoptera,Psephenidae,Psephenus,,7,ref_down
1353,2015,T11,August,TB,TBD,Hemiptera,Veliidae,Rhagovelia,,1,ref_down
1354,2015,T12,September,TB,TBD,Plecoptera,Perlidae,Agnetina,,1,ref_down
1355,2015,T12,September,TB,TBD,Trichoptera,Hydropsychidae,Hydropsyche,,2,ref_down
1356,2015,T12,September,TB,TBD,Ephemeroptera,Ephemerellidae,Ephemerella,,1,ref_down
1357,2015,T12,September,TB,TBD,Odonata,Gomphidae,Erpetogomphus,,3,ref_down
1358,2015,T12,September,TB,TBD,Diptera,Tipulidae,Hexatoma,,2,ref_down
1359,2015,T12,September,TB,TBD,Trichoptera,Hydropsychidae,Hydropsyche,,3,ref_down
1360,2015,T12,September,TB,TBD,Ephemeroptera,Isonychiidae,Isonychia,,13,ref_down
1361,2015,T12,September,TB,TBD,Ephemeroptera,Heptageniidae,Maccaffertium,,6,ref_down
1362,2015,T12,September,TB,TBD,Hemiptera,Veliidae,Microvelia,,2,ref_down
1363,2015,T12,September,TB,TBD,Coleoptera,Psephenidae,Psephenus,,4,ref_down
1364,2015,T12,September,TB,TBD,Ephemeroptera,Heptageniidae,Stenacron,,1,ref_down
1365,2015,T12,September,TB,TBD,Coleoptera,Elmidae,Stenelmis,,2,ref_down
1366,2015,T12,September,TB,TBD,Coleoptera,Dytiscidae,Uvarus,,2,ref_down
1367,2015,T12,September,TB,TBD,Diptera,Chironomidae,,,1,ref_down
1368,2015,T7,April,TB,TBD,Plecoptera,Perlidae,Acroneuria,,1,ref_down
1369,2015,T7,April,TB,TBD,Ephemeroptera,Heptageniidae,Epeorus,,3,ref_down
1370,2015,T7,April,TB,TBD,Ephemeroptera,Ephemerellidae,Ephemerella,,16,ref_down
1371,2015,T7,April,TB,TBD,Diptera,Tipulidae,Hexatoma,,6,ref_down
1372,2015,T7,April,TB,TBD,Trichoptera,Hydropsychidae,Hydropsyche,,1,ref_down
1373,2015,T7,April,TB,TBD,Ephemeroptera,Isonychiidae,Isonychia,,3,ref_down
1374,2015,T7,April,TB,TBD,Plecoptera,Perlodidae,Isoperla,,6,ref_down
1375,2015,T7,April,TB,TBD,Trichoptera,Lepidostomatidae,Lepidostoma,,1,ref_down
1376,2015,T7,April,TB,TBD,Ephemeroptera,Heptageniidae,Maccaffertium,,1,ref_down
1377,2015,T7,April,TB,TBD,Trichoptera,Uenoidae,Neophylax,,1,ref_down
1378,2015,T7,April,TB,TBD,Plecoptera,Taeniopterygidae,Oemopteryx,,2,ref_down
1379,2015,T7,April,TB,TBD,Ephemeroptera,Leptophlebiidae,Paraleptophlebia,,2,ref_down
1380,2015,T7,April,TB,TBD,Coleoptera,Psephenidae,Psephenus,,1,ref_down
1381,2015,T7,April,TB,TBD,Ephemeroptera,Heptageniidae,Stenacron,,2,ref_down
1382,2015,T8,May,TB,TBD,Plecoptera,Perlidae,Acroneuria,,1,ref_down
1383,2015,T8,May,TB,TBD,Plecoptera,Perlidae,Agnetina,,1,ref_down
1384,2015,T8,May,TB,TBD,Ephemeroptera,Heptageniidae,Epeorus,,4,ref_down
1385,2015,T8,May,TB,TBD,Ephemeroptera,Ephemerellidae,Ephemerella,,15,ref_down
1386,2015,T8,May,TB,TBD,Odonata,Gomphidae,Erpetogomphus,,2,ref_down
1387,2015,T8,May,TB,TBD,Diptera,Tipulidae,Hexatoma,,11,ref_down
1388,2015,T8,May,TB,TBD,Trichoptera,Hydropsychidae,Hydropsyche,,11,ref_down
1389,2015,T8,May,TB,TBD,Plecoptera,Perlodidae,Isoperla,,3,ref_down
1390,2015,T8,May,TB,TBD,Megaloptera,Corydalidae,Nigronia,serricornis,1,ref_down
1391,2015,T8,May,TB,TBD,Ephemeroptera,Leptophlebiidae,Paraleptophlebia,,5,ref_down
1392,2015,T8,May,TB,TBD,Coleoptera,Psephenidae,Psephenus,,2,ref_down
1393,2015,T8,May,TB,TBD,Coleoptera,Elmidae,Stenelmis,,1,ref_down
1394,2015,T8,May,TB,TBD,Plecoptera,Chloroperlidae,Sweltsa,,2,ref_down
1395,2015,T8,May,TB,TBD,Trichoptera,Philopotamidae,Wormaldia,,1,ref_down
1396,2015,T8,May,TB,TBD,Diptera,Chironomidae,,,4,ref_down
1397,2015,T9,June,TB,TBD,Plecoptera,Perlidae,Acroneuria,,2,ref_down
1398,2015,T9,June,TB,TBD,Odonata,Aeshnidae,Boyeria,,1,ref_down
1399,2015,T9,June,TB,TBD,Ephemeroptera,Heptageniidae,Epeorus,,1,ref_down
1400,2015,T9,June,TB,TBD,Diptera,Tipulidae,Hexatoma,,5,ref_down
1401,2015,T9,June,TB,TBD,Trichoptera,Hydropsychidae,Hydropsyche,,2,ref_down
1402,2015,T9,June,TB,TBD,Ephemeroptera,Heptageniidae,Maccaffertium,,1,ref_down
1403,2015,T9,June,TB,TBD,Coleoptera,Psephenidae,Psephenus,,8,ref_down
1404,2015,T9,June,TB,TBD,Ephemeroptera,Heptageniidae,Stenacron,,1,ref_down
1405,2015,T9,June,TB,TBD,Diptera,Chironomidae,,,1,ref_down
754,2014,T1,April,TB,TBU,Ephemeroptera,Heptageniidae,Maccaffertium,,4,ref_up
755,2014,T1,April,TB,TBU,Diptera,Tipulidae,Tipula,,3,ref_up
756,2014,T1,April,TB,TBU,Ephemeroptera,Baetidae,,,1,ref_up
757,2014,T1,April,TB,TBU,Plecoptera,Chloroperlidae,,,1,ref_up
758,2014,T1,April,TB,TBU,Ephemeroptera,Ephemerellidae,,,14,ref_up
759,2014,T1,April,TB,TBU,Ephemeroptera,Ephemerellidae,,,3,ref_up
760,2014,T1,April,TB,TBU,Ephemeroptera,Heptageniidae,,,4,ref_up
761,2014,T1,April,TB,TBU,Trichoptera,Hydropsychidae,,,4,ref_up
762,2014,T1,April,TB,TBU,Ephemeroptera,Leptophlebiidae,,,1,ref_up
763,2014,T1,April,TB,TBU,Plecoptera,Perlidae,,,1,ref_up
764,2014,T1,April,TB,TBU,Plecoptera,Perlidae,,,2,ref_up
765,2014,T1,April,TB,TBU,Plecoptera,Perlodidae,,,1,ref_up
766,2014,T1,April,TB,TBU,Diptera,Simuliidae,,,1,ref_up
767,2014,T1,April,TB,TBU,Trichoptera,Uenoidae,,,1,ref_up
768,2014,T2,May,TB,TBU,Plecoptera,Perlidae,Acroneuria,,3,ref_up
769,2014,T2,May,TB,TBU,Trichoptera,Hydropsychidae,Hydropsyche,,1,ref_up
770,2014,T2,May,TB,TBU,Ephemeroptera,Heptageniidae,Epeorus,,2,ref_up
771,2014,T2,May,TB,TBU,Ephemeroptera,Ephemerellidae,Ephemerella,,7,ref_up
772,2014,T2,May,TB,TBU,Trichoptera,Hydropsychidae,Hydropsyche,,2,ref_up
773,2014,T2,May,TB,TBU,Ephemeroptera,Isonychiidae,Isonychia,,1,ref_up
774,2014,T2,May,TB,TBU,Ephemeroptera,Isonychiidae,Isonychia,,1,ref_up
775,2014,T2,May,TB,TBU,Plecoptera,Perlodidae,Isoperla,,4,ref_up
776,2014,T2,May,TB,TBU,Diptera,Tipulidae,Limonia,,1,ref_up
777,2014,T2,May,TB,TBU,Ephemeroptera,Heptageniidae,Maccaffertium,,3,ref_up
778,2014,T2,May,TB,TBU,Trichoptera,Uenoidae,Neophylax,,1,ref_up
779,2014,T2,May,TB,TBU,Ephemeroptera,Leptophlebiidae,Paraleptophlebia,,1,ref_up
780,2014,T2,May,TB,TBU,Diptera,Tipulidae,Tipula,,1,ref_up
781,2014,T2,May,TB,TBU,Odonata,Aeshnidae,,,1,ref_up
782,2014,T2,May,TB,TBU,Diptera,Chironomidae,,,1,ref_up
783,2014,T2,May,TB,TBU,Diptera,Chironomidae,,,2,ref_up
784,2014,T2,May,TB,TBU,Plecoptera,Chloroperlidae,,,2,ref_up
785,2014,T2,May,TB,TBU,Ephemeroptera,Ephemerellidae,,,3,ref_up
786,2014,T2,May,TB,TBU,Ephemeroptera,Heptageniidae,,,3,ref_up
787,2014,T2,May,TB,TBU,Trichoptera,Hydropsychidae,,,1,ref_up
788,2014,T2,May,TB,TBU,Ephemeroptera,Leptophlebiidae,,,1,ref_up
789,2014,T2,May,TB,TBU,Plecoptera,Perlidae,,,3,ref_up
790,2014,T2,May,TB,TBU,Diptera,Tipulidae,,,2,ref_up
791,2014,T2,May,TB,TBU,Trichoptera,Uenoidae,,,3,ref_up
792,2014,T3,June,TB,TBU,Plecoptera,Perlidae,Acroneuria,,2,ref_up
793,2014,T3,June,TB,TBU,Trichoptera,Hydropsychidae,Hydropsyche,,1,ref_up
794,2014,T3,June,TB,TBU,Ephemeroptera,Heptageniidae,Stenacron,,1,ref_up
795,2014,T3,June,TB,TBU,Megaloptera,Corydalidae,,,1,ref_up
796,2014,T3,June,TB,TBU,Ephemeroptera,Heptageniidae,,,1,ref_up
797,2014,T3,June,TB,TBU,Trichoptera,Hydropsychidae,,,2,ref_up
798,2014,T3,June,TB,TBU,Plecoptera,Perlidae,,,2,ref_up
799,2014,T3,June,TB,TBU,Plecoptera,Pteronarcidae,,,1,ref_up
800,2014,T3,June,TB,TBU,Diptera,Tipulidae,,,1,ref_up
801,2014,T4,July,TB,TBU,Diptera,Tipulidae,Hexatoma,,1,ref_up
802,2014,T4,July,TB,TBU,Trichoptera,Hydropsychidae,Hydropsyche,,1,ref_up
803,2014,T4,July,TB,TBU,Ephemeroptera,Isonychiidae,Isonychia,,1,ref_up
804,2014,T4,July,TB,TBU,Ephemeroptera,Isonychiidae,Isonychia,,1,ref_up
805,2014,T4,July,TB,TBU,Ephemeroptera,Leptophlebiidae,Paraleptophlebia,,1,ref_up
806,2014,T4,July,TB,TBU,Ephemeroptera,Leptophlebiidae,Paraleptophlebia,,2,ref_up
807,2014,T4,July,TB,TBU,Coleoptera,Psephenidae,Psephenus,,2,ref_up
808,2014,T4,July,TB,TBU,Odonata,Aeshnidae,,,1,ref_up
809,2014,T4,July,TB,TBU,Diptera,Chironomidae,,,3,ref_up
810,2014,T4,July,TB,TBU,Ephemeroptera,Ephemerellidae,,,1,ref_up
811,2014,T4,July,TB,TBU,Ephemeroptera,Ephemeridae,,,1,ref_up
812,2014,T4,July,TB,TBU,Trichoptera,Hydropsychidae,,,1,ref_up
813,2014,T4,July,TB,TBU,Ephemeroptera,Leptophlebiidae,,,1,ref_up
814,2014,T4,July,TB,TBU,Plecoptera,Perlidae,,,1,ref_up
815,2014,T4,July,TB,TBU,Coleoptera,Psephenidae,,,3,ref_up
816,2014,T4,July,TB,TBU,Hemiptera,Veliidae,,,1,ref_up
817,2014,T5,August,TB,TBU,Trichoptera,Hydropsychidae,Hydropsyche,,2,ref_up
818,2014,T5,August,TB,TBU,Trichoptera,Philopotamidae,Dolophilodes,,1,ref_up
819,2014,T5,August,TB,TBU,Diptera,Tipulidae,Hexatoma,,2,ref_up
820,2014,T5,August,TB,TBU,Ephemeroptera,Isonychiidae,Isonychia,,3,ref_up
821,2014,T5,August,TB,TBU,Ephemeroptera,Isonychiidae,Isonychia,,1,ref_up
822,2014,T5,August,TB,TBU,Ephemeroptera,Heptageniidae,Stenonema,fematoratum,4,ref_up
823,2014,T5,August,TB,TBU,Odonata,Aeshnidae,,,1,ref_up
824,2014,T5,August,TB,TBU,Megaloptera,Corydalidae,,,1,ref_up
825,2014,T5,August,TB,TBU,Ephemeroptera,Heptageniidae,,,4,ref_up
826,2014,T5,August,TB,TBU,Diptera,Tipulidae,,,2,ref_up
827,2014,T5,August,TB,TBU,Hemiptera,Veliidae,,,1,ref_up
828,2014,T6,September,TB,TBU,Plecoptera,Perlidae,Acroneuria,,1,ref_up
829,2014,T6,September,TB,TBU,Diptera,Empididae,Hemerodromia,,1,ref_up
830,2014,T6,September,TB,TBU,Ephemeroptera,Isonychiidae,Isonychia,,2,ref_up
831,2014,T6,September,TB,TBU,Ephemeroptera,Isonychiidae,Isonychia,,1,ref_up
832,2014,T6,September,TB,TBU,Megaloptera,Corydalidae,,,1,ref_up
833,2014,T6,September,TB,TBU,Ephemeroptera,Heptageniidae,,,1,ref_up
1406,2015,T10,July,TB,TBU,Odonata,Aeshnidae,Boyeria,,1,ref_up
1407,2015,T10,July,TB,TBU,Plecoptera,Chloroperlidae,Sweltsa,,1,ref_up
1408,2015,T11,August,TB,TBU,Plecoptera,Perlidae,Acroneuria,,1,ref_up
1409,2015,T11,August,TB,TBU,Plecoptera,Perlidae,Agnetina,,1,ref_up
1410,2015,T11,August,TB,TBU,Odonata,Aeshnidae,Boyeria,,1,ref_up
1411,2015,T11,August,TB,TBU,Trichoptera,Hydropsychidae,Hydropsyche,,1,ref_up
1412,2015,T12,September,TB,TBU,Plecoptera,Perlidae,Acroneuria,,2,ref_up
1413,2015,T12,September,TB,TBU,Odonata,Aeshnidae,Aeshna,,1,ref_up
1414,2015,T12,September,TB,TBU,Plecoptera,Perlidae,Agnetina,,1,ref_up
1415,2015,T12,September,TB,TBU,Diptera,Athericidae,Atherix,,1,ref_up
1416,2015,T12,September,TB,TBU,Diptera,Tipulidae,Hexatoma,,1,ref_up
1417,2015,T12,September,TB,TBU,Trichoptera,Hydropsychidae,Hydropsyche,,2,ref_up
1418,2015,T12,September,TB,TBU,Ephemeroptera,Heptageniidae,Maccaffertium,,12,ref_up
1419,2015,T12,September,TB,TBU,Coleoptera,Psephenidae,Psephenus,,3,ref_up
1420,2015,T12,September,TB,TBU,Hemiptera,Veliidae,Rhagovelia,,1,ref_up
1421,2015,T12,September,TB,TBU,Coleoptera,Elmidae,Stenelmis,,2,ref_up
1422,2015,T12,September,TB,TBU,Ephemeroptera,Heptageniidae,Stenonema,fematoratum,1,ref_up
1423,2015,T12,September,TB,TBU,Diptera,Chironomidae,,,1,ref_up
1424,2015,T7,April,TB,TBU,Odonata,Aeshnidae,Boyeria,,2,ref_up
1425,2015,T7,April,TB,TBU,Diptera,Tabanidae,Crysops,,1,ref_up
1426,2015,T7,April,TB,TBU,Ephemeroptera,Ephemerellidae,Ephemerella,,2,ref_up
1427,2015,T7,April,TB,TBU,Diptera,Tipulidae,Hexatoma,,3,ref_up
1428,2015,T7,April,TB,TBU,Trichoptera,Hydropsychidae,Hydropsyche,,2,ref_up
1429,2015,T7,April,TB,TBU,Plecoptera,Perlodidae,Isoperla,,3,ref_up
1430,2015,T7,April,TB,TBU,Ephemeroptera,Leptophlebiidae,Paraleptophlebia,,1,ref_up
1431,2015,T7,April,TB,TBU,Plecoptera,Chloroperlidae,Sweltsa,,2,ref_up
1432,2015,T8,May,TB,TBU,Plecoptera,Perlidae,Acroneuria,,3,ref_up
1433,2015,T8,May,TB,TBU,Odonata,Aeshnidae,Boyeria,,1,ref_up
1434,2015,T8,May,TB,TBU,Ephemeroptera,Heptageniidae,Epeorus,,1,ref_up
1435,2015,T8,May,TB,TBU,Ephemeroptera,Ephemeridae,Ephemera,,2,ref_up
1436,2015,T8,May,TB,TBU,Ephemeroptera,Ephemerellidae,Ephemerella,,4,ref_up
1437,2015,T8,May,TB,TBU,Plecoptera,Perlodidae,Isoperla,,2,ref_up
1438,2015,T8,May,TB,TBU,Odonata,Gomphidae,Lanthus,,1,ref_up
1439,2015,T8,May,TB,TBU,Ephemeroptera,Heptageniidae,Maccaffertium,,7,ref_up
1440,2015,T8,May,TB,TBU,Coleoptera,Psephenidae,Psephenus,,5,ref_up
1441,2015,T8,May,TB,TBU,Megaloptera,Sialidae,Sialis,,1,ref_up
1442,2015,T8,May,TB,TBU,Plecoptera,Chloroperlidae,Sweltsa,,3,ref_up
1443,2015,T8,May,TB,TBU,Diptera,Chironomidae,,,1,ref_up
1444,2015,T9,June,TB,TBU,Plecoptera,Perlidae,Acroneuria,,2,ref_up
1445,2015,T9,June,TB,TBU,Odonata,Aeshnidae,Boyeria,,3,ref_up
1446,2015,T9,June,TB,TBU,Ephemeroptera,Ephemerellidae,Drunella,,1,ref_up
1447,2015,T9,June,TB,TBU,Ephemeroptera,Ephemeridae,Ephemera,,1,ref_up
1448,2015,T9,June,TB,TBU,Diptera,Tipulidae,Hexatoma,,2,ref_up
1449,2015,T9,June,TB,TBU,Coleoptera,Hydrophilidae,Hydrophilus,,2,ref_up
1450,2015,T9,June,TB,TBU,Odonata,Gomphidae,Lanthus,,1,ref_up
1451,2015,T9,June,TB,TBU,Ephemeroptera,Heptageniidae,Maccaffertium,,1,ref_up
1452,2015,T9,June,TB,TBU,Coleoptera,Psephenidae,Psephenus,,3,ref_up
1453,2015,T9,June,TB,TBU,Plecoptera,Chloroperlidae,Sweltsa,,1,ref_up
1454,2015,T9,June,TB,TBU,Diptera,Chironomidae,,,3,ref_up
